stage,arm,kind,p50,p95,p99,n,httpOrTransportErrorCount,httpOrTransportErrorRate,semanticRefusalCount,semanticRefusalRate,timeoutCount3s,timeoutRate3s,combinedFailureCount,combinedFailureRate,errorRate,meanInputTokens,meanUsd,estimatedUsageCalls,population,excludedCacheWarm,excludedLegacyUnknown,reconstructedCacheStatusRows,fallbackRate
baseline-dev,flash,candidate,583.0736664999858,930.689906500007,1335.8417625499928,316,0,0,0,0,0,0,0,0,0,702.3512658227849,0.00006321161392405064,0,Unique referenced request keys; cached latencies counted once per stage,,,,
baseline-dev,flash,paid,771.7024999999994,1055.644270499979,1179.4059993999936,91,0,0,0,0,0,0,0,0,0,332.8021978021978,0.000029952197802197812,0,Unique referenced request keys; cached latencies counted once per stage,,,,
baseline-dev,flash,round,766.1039795000033,1439.9969517500087,1723.1274015699964,44,0,0,0,0,0,0,0,0,0,218.9090909090909,0.000019701818181818184,0,Unique referenced request keys; cached latencies counted once per stage,,,,
baseline-dev,flash,round-wall-including-limiter,3167.7720210000025,3734.917931299968,4182.704274249998,44,,,,,,,,,,,,,decisionCacheHits === 0 only; includes reconstructed baseline key history where labelled,52,0,96,0
baseline-dev,flash,round-wall-cache-warm,1291.5817289999977,1854.0918644000026,2071.780311249996,52,,,,,,,,,,,,,Harness rounds with at least one reused decision-call key; not uncached operational timing,,,,
baseline-dev,flash,round-wall-legacy-cache-status-unknown,,,,0,,,,,,,,,,,,,Unknown cache status; excluded from operational round timing,,,,
baseline-dev,flash,max-call-lower-bound,811.3356669999921,1439.9969517500087,1723.1274015699964,44,,,,,,,,,,,,,No-cache rounds only; longest constituent call is a lower bound,,,,
tune-dev:evidence,flash,candidate,571.4123125000042,889.8284787500234,1090.2560518499895,316,0,0,0,0,0,0,0,0,0,776.3512658227849,0.00006987161392405064,0,Unique referenced request keys; cached latencies counted once per stage,,,,
tune-dev:evidence,flash,paid,774.7457500000019,1065.2546870000006,1434.0030288000034,91,0,0,0,0,0,0,0,0,0,361.8021978021978,0.00003256219780219779,0,Unique referenced request keys; cached latencies counted once per stage,,,,
tune-dev:evidence,flash,round,776.2119794999935,1142.591812499994,1333.856969440003,44,0,0,0,0,0,0,0,0,0,251.9090909090909,0.00002267181818181818,0,Unique referenced request keys; cached latencies counted once per stage,,,,
tune-dev:evidence,flash,round-wall-including-limiter,3025.0814585000044,3654.4272919999876,4005.998644620012,44,,,,,,,,,,,,,decisionCacheHits === 0 only; includes reconstructed baseline key history where labelled,52,0,0,0
tune-dev:evidence,flash,round-wall-cache-warm,1271.1273540000038,1821.171810599988,2083.7416978299902,52,,,,,,,,,,,,,Harness rounds with at least one reused decision-call key; not uncached operational timing,,,,
tune-dev:evidence,flash,round-wall-legacy-cache-status-unknown,,,,0,,,,,,,,,,,,,Unknown cache status; excluded from operational round timing,,,,
tune-dev:evidence,flash,max-call-lower-bound,801.121917000004,1165.3633499999953,1333.856969440003,44,,,,,,,,,,,,,No-cache rounds only; longest constituent call is a lower bound,,,,
tune-dev:batch,flash,batch,1192.6438330000383,1917.9592912500084,3047.254600000003,96,0,0,0,0,2,0.020833333333333332,2,0.020833333333333332,0.020833333333333332,3478.7604166666665,0.00031308843749999993,0,Unique referenced request keys; cached latencies counted once per stage,,,,
tune-dev:batch,flash,round-wall-including-limiter,1481.3727085000137,2693.6479582499887,3438.166529499966,96,,,,,,,,,,,,,decisionCacheHits === 0 only; includes reconstructed baseline key history where labelled,0,0,0,0.020833333333333332
tune-dev:batch,flash,round-wall-cache-warm,,,,0,,,,,,,,,,,,,Harness rounds with at least one reused decision-call key; not uncached operational timing,,,,
tune-dev:batch,flash,round-wall-legacy-cache-status-unknown,,,,0,,,,,,,,,,,,,Unknown cache status; excluded from operational round timing,,,,
tune-dev:batch,flash,max-call-lower-bound,1192.6438330000383,1917.9592912500084,3047.254600000003,96,,,,,,,,,,,,,No-cache rounds only; longest constituent call is a lower bound,,,,
tune-dev:batch-evidence,flash,batch,927.2531670000171,1701.8522077499947,2217.9290517499844,96,0,0,0,0,0,0,0,0,0,3961.7604166666665,0.00035655843749999986,0,Unique referenced request keys; cached latencies counted once per stage,,,,
tune-dev:batch-evidence,flash,round-wall-including-limiter,1769.4875204999698,2681.261468749988,3712.617066950019,96,,,,,,,,,,,,,decisionCacheHits === 0 only; includes reconstructed baseline key history where labelled,0,0,0,0
tune-dev:batch-evidence,flash,round-wall-cache-warm,,,,0,,,,,,,,,,,,,Harness rounds with at least one reused decision-call key; not uncached operational timing,,,,
tune-dev:batch-evidence,flash,round-wall-legacy-cache-status-unknown,,,,0,,,,,,,,,,,,,Unknown cache status; excluded from operational round timing,,,,
tune-dev:batch-evidence,flash,max-call-lower-bound,927.2531670000171,1701.8522077499947,2217.9290517499844,96,,,,,,,,,,,,,No-cache rounds only; longest constituent call is a lower bound,,,,
baseline-dev,clef,candidate,863.262937500002,1281.377541999973,1976.2815580500198,316,0,0,0,0,0,0,0,0,0,702.3512658227849,0.0001685643037974684,0,Unique referenced request keys; cached latencies counted once per stage,,,,
baseline-dev,clef,paid,796.0043749999968,1208.1593749999884,1331.906650000018,91,0,0,0,0,0,0,0,0,0,332.8021978021978,0.00007987252747252747,0,Unique referenced request keys; cached latencies counted once per stage,,,,
baseline-dev,clef,round,559.9858544999934,889.8293186999895,1184.003899310007,44,0,0,0,0,0,0,0,0,0,218.9090909090909,0.000052538181818181805,0,Unique referenced request keys; cached latencies counted once per stage,,,,
baseline-dev,clef,round-wall-including-limiter,6164.859645500008,7633.061201749999,8118.587975559999,44,,,,,,,,,,,,,decisionCacheHits === 0 only; includes reconstructed baseline key history where labelled,52,0,96,0
baseline-dev,clef,round-wall-cache-warm,861.1357084999981,1473.7843874999894,2034.0728514199936,52,,,,,,,,,,,,,Harness rounds with at least one reused decision-call key; not uncached operational timing,,,,
baseline-dev,clef,round-wall-legacy-cache-status-unknown,,,,0,,,,,,,,,,,,,Unknown cache status; excluded from operational round timing,,,,
baseline-dev,clef,max-call-lower-bound,1070.8946670000078,1933.401139200018,2347.2367260600204,44,,,,,,,,,,,,,No-cache rounds only; longest constituent call is a lower bound,,,,
tune-dev:evidence,clef,candidate,908.69997900001,1287.6054067500008,1570.2092937499956,316,0,0,0,0,0,0,0,0,0,776.3512658227849,0.00018632430379746836,0,Unique referenced request keys; cached latencies counted once per stage,,,,
tune-dev:evidence,clef,paid,781.2332089999982,1233.7454375000088,1494.9713044000061,91,0,0,0,0,0,0,0,0,0,361.8021978021978,0.00008683252747252749,0,Unique referenced request keys; cached latencies counted once per stage,,,,
tune-dev:evidence,clef,round,535.9237915000122,1069.6165250000065,1144.415101189989,44,0,0,0,0,0,0,0,0,0,251.9090909090909,0.000060458181818181824,0,Unique referenced request keys; cached latencies counted once per stage,,,,
tune-dev:evidence,clef,round-wall-including-limiter,6285.676562000008,7182.011725099994,7410.020005000008,44,,,,,,,,,,,,,decisionCacheHits === 0 only; includes reconstructed baseline key history where labelled,52,0,0,0
tune-dev:evidence,clef,round-wall-cache-warm,859.232187499998,1349.650864400003,2401.8731893299964,52,,,,,,,,,,,,,Harness rounds with at least one reused decision-call key; not uncached operational timing,,,,
tune-dev:evidence,clef,round-wall-legacy-cache-status-unknown,,,,0,,,,,,,,,,,,,Unknown cache status; excluded from operational round timing,,,,
tune-dev:evidence,clef,max-call-lower-bound,1120.843479499992,1569.4993311999965,1789.644195559997,44,,,,,,,,,,,,,No-cache rounds only; longest constituent call is a lower bound,,,,
tune-dev:batch,clef,batch,1192.7946044999408,1879.3477817500534,3139.3526830000096,96,0,0,0,0,2,0.020833333333333332,2,0.020833333333333332,0.020833333333333332,3478.7604166666665,0.0008349025,0,Unique referenced request keys; cached latencies counted once per stage,,,,
tune-dev:batch,clef,round-wall-including-limiter,1466.936145499989,2763.6181869999564,3429.730768399913,96,,,,,,,,,,,,,decisionCacheHits === 0 only; includes reconstructed baseline key history where labelled,0,0,0,0.020833333333333332
tune-dev:batch,clef,round-wall-cache-warm,,,,0,,,,,,,,,,,,,Harness rounds with at least one reused decision-call key; not uncached operational timing,,,,
tune-dev:batch,clef,round-wall-legacy-cache-status-unknown,,,,0,,,,,,,,,,,,,Unknown cache status; excluded from operational round timing,,,,
tune-dev:batch,clef,max-call-lower-bound,1192.7946044999408,1879.3477817500534,3139.3526830000096,96,,,,,,,,,,,,,No-cache rounds only; longest constituent call is a lower bound,,,,
tune-dev:batch-evidence,clef,batch,1268.0569584999466,1802.0386352500354,2146.99933924999,96,0,0,0,0,0,0,0,0,0,3961.7604166666665,0.0009508225000000003,0,Unique referenced request keys; cached latencies counted once per stage,,,,
tune-dev:batch-evidence,clef,round-wall-including-limiter,1741.7838955000043,2667.6643547500134,3679.1727437500313,96,,,,,,,,,,,,,decisionCacheHits === 0 only; includes reconstructed baseline key history where labelled,0,0,0,0
tune-dev:batch-evidence,clef,round-wall-cache-warm,,,,0,,,,,,,,,,,,,Harness rounds with at least one reused decision-call key; not uncached operational timing,,,,
tune-dev:batch-evidence,clef,round-wall-legacy-cache-status-unknown,,,,0,,,,,,,,,,,,,Unknown cache status; excluded from operational round timing,,,,
tune-dev:batch-evidence,clef,max-call-lower-bound,1268.0569584999466,1802.0386352500354,2146.99933924999,96,,,,,,,,,,,,,No-cache rounds only; longest constituent call is a lower bound,,,,
baseline-dev,luna,candidate,276.9529790000033,447.9455939999971,790.5840331000003,316,1,0.0031645569620253164,0,0,0,0,1,0.0031645569620253164,0.0031645569620253164,843.7816455696203,0.00008437816455696198,1,Unique referenced request keys; cached latencies counted once per stage,,,,
baseline-dev,luna,paid,271.9129580000008,400.21712500000285,637.9025003000089,91,0,0,0,0,0,0,0,0,0,352.8131868131868,0.00003528131868131869,0,Unique referenced request keys; cached latencies counted once per stage,,,,
baseline-dev,luna,round,261.7598330000037,396.7369812500009,1149.1485576899997,44,0,0,3,0.06818181818181818,0,0,3,0.06818181818181818,0.06818181818181818,227.3181818181818,0.00002273181818181819,0,Unique referenced request keys; cached latencies counted once per stage,,,,
baseline-dev,luna,round-wall-including-limiter,2883.3589169999905,2976.665829450005,3669.486218940003,44,,,,,,,,,,,,,decisionCacheHits === 0 only; includes reconstructed baseline key history where labelled,52,0,96,0.09090909090909091
baseline-dev,luna,round-wall-cache-warm,409.1826665000008,635.8100919999974,1324.4165900799987,52,,,,,,,,,,,,,Harness rounds with at least one reused decision-call key; not uncached operational timing,,,,
baseline-dev,luna,round-wall-legacy-cache-status-unknown,,,,0,,,,,,,,,,,,,Unknown cache status; excluded from operational round timing,,,,
baseline-dev,luna,max-call-lower-bound,364.3367084999991,604.7536849499979,1364.2604314399996,44,,,,,,,,,,,,,No-cache rounds only; longest constituent call is a lower bound,,,,
tune-dev:evidence,luna,candidate,281.7984789999973,375.5909269999993,447.4688223500174,316,0,0,0,0,0,0,0,0,0,920.4905063291139,0.00009204905063291137,0,Unique referenced request keys; cached latencies counted once per stage,,,,
tune-dev:evidence,luna,paid,270.95183299999917,377.66170800000145,406.3671044999979,91,0,0,0,0,0,0,0,0,0,381.8131868131868,0.000038181318681318685,0,Unique referenced request keys; cached latencies counted once per stage,,,,
tune-dev:evidence,luna,round,272.3422289999944,410.5223981499869,509.9457855599911,44,0,0,0,0,0,0,0,0,0,270.8863636363636,0.000027088636363636366,0,Unique referenced request keys; cached latencies counted once per stage,,,,
tune-dev:evidence,luna,round-wall-including-limiter,2869.5991874999927,2935.323473150011,3062.445551760001,44,,,,,,,,,,,,,decisionCacheHits === 0 only; includes reconstructed baseline key history where labelled,52,0,0,0
tune-dev:evidence,luna,round-wall-cache-warm,416.9632080000083,568.2400872000001,994.6358127399902,52,,,,,,,,,,,,,Harness rounds with at least one reused decision-call key; not uncached operational timing,,,,
tune-dev:evidence,luna,round-wall-legacy-cache-status-unknown,,,,0,,,,,,,,,,,,,Unknown cache status; excluded from operational round timing,,,,
tune-dev:evidence,luna,max-call-lower-bound,357.0639169999986,504.66254819999983,510.855271249991,44,,,,,,,,,,,,,No-cache rounds only; longest constituent call is a lower bound,,,,
tune-dev:batch,luna,batch,415.4813120000181,521.8931147499534,615.7995764500106,96,0,0,1,0.010416666666666666,0,0,1,0.010416666666666666,0.010416666666666666,4313.270833333333,0.00043132708333333325,0,Unique referenced request keys; cached latencies counted once per stage,,,,
tune-dev:batch,luna,round-wall-including-limiter,427.8080210000044,556.2259372500703,43226.210218099965,96,,,,,,,,,,,,,decisionCacheHits === 0 only; includes reconstructed baseline key history where labelled,0,0,0,0.010416666666666666
tune-dev:batch,luna,round-wall-cache-warm,,,,0,,,,,,,,,,,,,Harness rounds with at least one reused decision-call key; not uncached operational timing,,,,
tune-dev:batch,luna,round-wall-legacy-cache-status-unknown,,,,0,,,,,,,,,,,,,Unknown cache status; excluded from operational round timing,,,,
tune-dev:batch,luna,max-call-lower-bound,415.4813120000181,521.8931147499534,615.7995764500106,96,,,,,,,,,,,,,No-cache rounds only; longest constituent call is a lower bound,,,,
tune-dev:batch-evidence,luna,batch,420.6825630000094,640.8291462499474,697.991893749998,96,0,0,0,0,0,0,0,0,0,4809.885416666667,0.00048098854166666677,0,Unique referenced request keys; cached latencies counted once per stage,,,,
tune-dev:batch-evidence,luna,round-wall-including-limiter,514.4360414999537,17179.582947750023,27554.13259760007,96,,,,,,,,,,,,,decisionCacheHits === 0 only; includes reconstructed baseline key history where labelled,0,0,0,0
tune-dev:batch-evidence,luna,round-wall-cache-warm,,,,0,,,,,,,,,,,,,Harness rounds with at least one reused decision-call key; not uncached operational timing,,,,
tune-dev:batch-evidence,luna,round-wall-legacy-cache-status-unknown,,,,0,,,,,,,,,,,,,Unknown cache status; excluded from operational round timing,,,,
tune-dev:batch-evidence,luna,max-call-lower-bound,420.6825630000094,640.8291462499474,697.991893749998,96,,,,,,,,,,,,,No-cache rounds only; longest constituent call is a lower bound,,,,
tune-dev:historical,luna,candidate,276.9529790000033,447.9455939999971,790.5840331000003,316,1,0.0031645569620253164,0,0,0,0,1,0.0031645569620253164,0.0031645569620253164,843.7816455696203,0.00008437816455696206,1,Unique referenced request keys; cached latencies counted once per stage,,,,
tune-dev:historical,luna,round,274.55904150000015,503.7926437499789,600.10292412,44,0,0,0,0,0,0,0,0,0,238.88636363636363,0.000023888636363636366,0,Unique referenced request keys; cached latencies counted once per stage,,,,
tune-dev:historical,luna,round-wall-including-limiter,,,,0,,,,,,,,,,,,,decisionCacheHits === 0 only; includes reconstructed baseline key history where labelled,96,0,0,
tune-dev:historical,luna,round-wall-cache-warm,1.9942710000004809,497.52445825000405,582.2296600999994,96,,,,,,,,,,,,,Harness rounds with at least one reused decision-call key; not uncached operational timing,,,,
tune-dev:historical,luna,round-wall-legacy-cache-status-unknown,,,,0,,,,,,,,,,,,,Unknown cache status; excluded from operational round timing,,,,
tune-dev:historical,luna,max-call-lower-bound,,,,0,,,,,,,,,,,,,No-cache rounds only; longest constituent call is a lower bound,,,,
tune-dev:no-read,luna,candidate,288.05893700002343,402.1115932500005,655.9283043500101,316,0,0,0,0,0,0,0,0,0,646.7151898734177,0.00006467151898734178,0,Unique referenced request keys; cached latencies counted once per stage,,,,
tune-dev:no-read,luna,round,261.7598330000037,396.7369812500009,1149.1485576899997,44,0,0,3,0.06818181818181818,0,0,3,0.06818181818181818,0.06818181818181818,227.3181818181818,0.000022731818181818184,0,Unique referenced request keys; cached latencies counted once per stage,,,,
tune-dev:no-read,luna,round-wall-including-limiter,,,,0,,,,,,,,,,,,,decisionCacheHits === 0 only; includes reconstructed baseline key history where labelled,96,0,0,
tune-dev:no-read,luna,round-wall-cache-warm,699.3957500000033,2528.8800104999973,2655.7837794999996,96,,,,,,,,,,,,,Harness rounds with at least one reused decision-call key; not uncached operational timing,,,,
tune-dev:no-read,luna,round-wall-legacy-cache-status-unknown,,,,0,,,,,,,,,,,,,Unknown cache status; excluded from operational round timing,,,,
tune-dev:no-read,luna,max-call-lower-bound,,,,0,,,,,,,,,,,,,No-cache rounds only; longest constituent call is a lower bound,,,,
tune-dev:abstract-first,luna,candidate,289.65393750001385,527.3242709999904,943.0834437500059,316,0,0,0,0,2,0.006329113924050633,2,0.006329113924050633,0.006329113924050633,843.4905063291139,0.00008434905063291144,0,Unique referenced request keys; cached latencies counted once per stage,,,,
tune-dev:abstract-first,luna,round,261.7598330000037,396.7369812500009,1149.1485576899997,44,0,0,3,0.06818181818181818,0,0,3,0.06818181818181818,0.06818181818181818,227.3181818181818,0.000022731818181818184,0,Unique referenced request keys; cached latencies counted once per stage,,,,
tune-dev:abstract-first,luna,round-wall-including-limiter,,,,0,,,,,,,,,,,,,decisionCacheHits === 0 only; includes reconstructed baseline key history where labelled,96,0,0,
tune-dev:abstract-first,luna,round-wall-cache-warm,636.863270999951,2542.8052817499847,2984.212638949983,96,,,,,,,,,,,,,Harness rounds with at least one reused decision-call key; not uncached operational timing,,,,
tune-dev:abstract-first,luna,round-wall-legacy-cache-status-unknown,,,,0,,,,,,,,,,,,,Unknown cache status; excluded from operational round timing,,,,
tune-dev:abstract-first,luna,max-call-lower-bound,,,,0,,,,,,,,,,,,,No-cache rounds only; longest constituent call is a lower bound,,,,
baseline-dev,fixture,round-wall-including-limiter,,,,0,,,,,,,,,,,,,decisionCacheHits === 0 only; includes reconstructed baseline key history where labelled,0,96,0,
baseline-dev,fixture,round-wall-cache-warm,,,,0,,,,,,,,,,,,,Harness rounds with at least one reused decision-call key; not uncached operational timing,,,,
baseline-dev,fixture,round-wall-legacy-cache-status-unknown,0.061958500000017125,0.16415574999998483,2.3229354499999624,96,,,,,,,,,,,,,Unknown cache status; excluded from operational round timing,,,,
baseline-dev,fixture,max-call-lower-bound,,,,0,,,,,,,,,,,,,No-cache rounds only; longest constituent call is a lower bound,,,,
isolated-operational,flash,candidate,311.75754199999756,508.8760396999962,758.8094414999857,168,0,0,0,0,0,0,0,0,0,771.3869047619048,0.00006942482142857145,0,Unique referenced request keys; cached latencies counted once per stage,,,,
isolated-operational,flash,round,304.59785399999964,554.7467206000006,612.2863487500019,28,0,0,0,0,0,0,0,0,0,250.64285714285714,0.000022557857142857137,0,Unique referenced request keys; cached latencies counted once per stage,,,,
isolated-operational,flash,round-wall-including-limiter,8399.670603999999,8541.7641271,8821.239762479983,28,,,,,,,,,,,,,decisionCacheHits === 0 only; includes reconstructed baseline key history where labelled,0,0,0,0
isolated-operational,flash,round-wall-cache-warm,,,,0,,,,,,,,,,,,,Harness rounds with at least one reused decision-call key; not uncached operational timing,,,,
isolated-operational,flash,round-wall-legacy-cache-status-unknown,,,,0,,,,,,,,,,,,,Unknown cache status; excluded from operational round timing,,,,
isolated-operational,flash,max-call-lower-bound,436.86652049999975,817.8631214999809,1132.9531913599892,28,,,,,,,,,,,,,No-cache rounds only; longest constituent call is a lower bound,,,,
test-baseline,flash,candidate,368.0265619999991,529.20688564999,713.8009982900036,214,0,0,0,0,0,0,0,0,0,701.3691588785047,0.0000631232242990654,0,Unique referenced request keys; cached latencies counted once per stage,,,,
test-baseline,flash,paid,368.7792499999923,522.7784752999781,591.3887910399965,63,0,0,0,0,0,0,0,0,0,331.3968253968254,0.00002982571428571428,0,Unique referenced request keys; cached latencies counted once per stage,,,,
test-baseline,flash,round,367.1807499999968,529.9248417000022,622.6859296800005,30,0,0,0,0,0,0,0,0,0,218.23333333333332,0.000019640999999999997,0,Unique referenced request keys; cached latencies counted once per stage,,,,
test-baseline,flash,round-wall-including-limiter,8396.159500000002,8630.535082999997,8722.96660282,30,,,,,,,,,,,,,decisionCacheHits === 0 only; includes reconstructed baseline key history where labelled,34,0,0,0
test-baseline,flash,round-wall-cache-warm,1188.0162084999974,1781.3657814500064,3273.5671410300015,34,,,,,,,,,,,,,Harness rounds with at least one reused decision-call key; not uncached operational timing,,,,
test-baseline,flash,round-wall-legacy-cache-status-unknown,,,,0,,,,,,,,,,,,,Unknown cache status; excluded from operational round timing,,,,
test-baseline,flash,max-call-lower-bound,490.21604200001457,758.7993519000013,963.2542565700003,30,,,,,,,,,,,,,No-cache rounds only; longest constituent call is a lower bound,,,,
final-test,flash,candidate,374.8394374999916,598.2634440999534,1043.5593204999238,642,0,0,0,0,0,0,0,0,0,775.3691588785047,0.00006978322429906544,0,Unique referenced request keys; cached latencies counted once per stage,,,,
final-test,flash,paid,383.75612500007264,606.0350000000093,949.7271861601622,189,0,0,0,0,0,0,0,0,0,360.3968253968254,0.00003243571428571428,0,Unique referenced request keys; cached latencies counted once per stage,,,,
final-test,flash,round,360.0696664999705,718.5715333000344,1350.226066630005,90,0,0,0,0,0,0,0,0,0,251.23333333333332,0.000022611,0,Unique referenced request keys; cached latencies counted once per stage,,,,
final-test,flash,round-wall-including-limiter,8409.486000000034,8669.74704825009,9049.721288629946,90,,,,,,,,,,,,,decisionCacheHits === 0 only; includes reconstructed baseline key history where labelled,102,0,0,0
final-test,flash,round-wall-cache-warm,1199.4838120000204,2263.235504799969,3651.3941027400374,102,,,,,,,,,,,,,Harness rounds with at least one reused decision-call key; not uncached operational timing,,,,
final-test,flash,round-wall-legacy-cache-status-unknown,,,,0,,,,,,,,,,,,,Unknown cache status; excluded from operational round timing,,,,
final-test,flash,max-call-lower-bound,512.9689369999978,1120.6024124999763,1508.0223626400739,90,,,,,,,,,,,,,No-cache rounds only; longest constituent call is a lower bound,,,,
isolated-operational,luna,batch,413.16756249999935,573.12381865,606.3984599099999,28,0,0,0,0,0,0,0,0,0,4799.214285714285,0.00047992142857142874,0,Unique referenced request keys; cached latencies counted once per stage,,,,
isolated-operational,luna,round-wall-including-limiter,436.73602050000045,576.72656875,608.54266375,28,,,,,,,,,,,,,decisionCacheHits === 0 only; includes reconstructed baseline key history where labelled,0,0,0,0
isolated-operational,luna,round-wall-cache-warm,,,,0,,,,,,,,,,,,,Harness rounds with at least one reused decision-call key; not uncached operational timing,,,,
isolated-operational,luna,round-wall-legacy-cache-status-unknown,,,,0,,,,,,,,,,,,,Unknown cache status; excluded from operational round timing,,,,
isolated-operational,luna,max-call-lower-bound,413.16756249999935,573.12381865,606.3984599099999,28,,,,,,,,,,,,,No-cache rounds only; longest constituent call is a lower bound,,,,
test-baseline,luna,candidate,288.1520834999974,440.76254539999775,591.4097417099997,214,0,0,0,0,0,0,0,0,0,841.3551401869158,0.0000841355140186916,0,Unique referenced request keys; cached latencies counted once per stage,,,,
test-baseline,luna,paid,274.87258299999667,353.72058270000235,1134.7298500000009,63,0,0,0,0,0,0,0,0,0,350.3968253968254,0.00003503968253968252,0,Unique referenced request keys; cached latencies counted once per stage,,,,
test-baseline,luna,round,279.0162915000037,396.0357749999981,587.8398035699989,30,0,0,5,0.16666666666666666,0,0,5,0.16666666666666666,0.16666666666666666,210.7,0.000021070000000000003,0,Unique referenced request keys; cached latencies counted once per stage,,,,
test-baseline,luna,round-wall-including-limiter,2871.828499999998,2901.146547549996,2964.064732779997,30,,,,,,,,,,,,,decisionCacheHits === 0 only; includes reconstructed baseline key history where labelled,34,0,0,0.16666666666666666
test-baseline,luna,round-wall-cache-warm,416.25681250000343,642.4886459499986,1072.8927513299952,34,,,,,,,,,,,,,Harness rounds with at least one reused decision-call key; not uncached operational timing,,,,
test-baseline,luna,round-wall-legacy-cache-status-unknown,,,,0,,,,,,,,,,,,,Unknown cache status; excluded from operational round timing,,,,
test-baseline,luna,max-call-lower-bound,385.05447899999854,614.4760479499971,651.6705557499986,30,,,,,,,,,,,,,No-cache rounds only; longest constituent call is a lower bound,,,,
final-test,luna,batch,414.2466454999958,552.7950600499998,661.021224470008,192,0,0,0,0,0,0,0,0,0,4806.9375,0.0004806937500000001,0,Unique referenced request keys; cached latencies counted once per stage,,,,
final-test,luna,paid,277.8086250000051,569.1759916000184,859.8474230399893,189,0,0,0,0,0,0,0,0,0,379.3968253968254,0.000037939682539682525,0,Unique referenced request keys; cached latencies counted once per stage,,,,
final-test,luna,round-wall-including-limiter,773.1669164999912,1320.2004646500018,1451.3246142799892,192,,,,,,,,,,,,,decisionCacheHits === 0 only; includes reconstructed baseline key history where labelled,0,0,0,0
final-test,luna,round-wall-cache-warm,,,,0,,,,,,,,,,,,,Harness rounds with at least one reused decision-call key; not uncached operational timing,,,,
final-test,luna,round-wall-legacy-cache-status-unknown,,,,0,,,,,,,,,,,,,Unknown cache status; excluded from operational round timing,,,,
final-test,luna,max-call-lower-bound,414.2466454999958,552.7950600499998,661.021224470008,192,,,,,,,,,,,,,No-cache rounds only; longest constituent call is a lower bound,,,,
test-baseline,fixture,round-wall-including-limiter,,,,0,,,,,,,,,,,,,decisionCacheHits === 0 only; includes reconstructed baseline key history where labelled,0,64,0,
test-baseline,fixture,round-wall-cache-warm,,,,0,,,,,,,,,,,,,Harness rounds with at least one reused decision-call key; not uncached operational timing,,,,
test-baseline,fixture,round-wall-legacy-cache-status-unknown,0.08916650000000459,0.2117249999999897,0.332498419999985,64,,,,,,,,,,,,,Unknown cache status; excluded from operational round timing,,,,
test-baseline,fixture,max-call-lower-bound,,,,0,,,,,,,,,,,,,No-cache rounds only; longest constituent call is a lower bound,,,,
final-test,fixture,round-wall-including-limiter,,,,0,,,,,,,,,,,,,decisionCacheHits === 0 only; includes reconstructed baseline key history where labelled,0,192,0,
final-test,fixture,round-wall-cache-warm,,,,0,,,,,,,,,,,,,Harness rounds with at least one reused decision-call key; not uncached operational timing,,,,
final-test,fixture,round-wall-legacy-cache-status-unknown,0.1298125000030268,0.4577063999924571,0.9754075300038678,192,,,,,,,,,,,,,Unknown cache status; excluded from operational round timing,,,,
final-test,fixture,max-call-lower-bound,,,,0,,,,,,,,,,,,,No-cache rounds only; longest constituent call is a lower bound,,,,
