arm,config,threshold,precision,recall,f1,wastedSpend,missedValue,exactMatch,n,wastedSpendSgd
flash,baseline,0.05,0.6129032258064516,0.6263736263736264,0.6195652173913043,710,34,0.625,96,7.1
flash,baseline,0.06,0.6129032258064516,0.6263736263736264,0.6195652173913043,710,34,0.625,96,7.1
flash,baseline,0.07,0.6129032258064516,0.6263736263736264,0.6195652173913043,710,34,0.625,96,7.1
flash,baseline,0.08,0.6129032258064516,0.6263736263736264,0.6195652173913043,710,34,0.625,96,7.1
flash,baseline,0.09,0.6129032258064516,0.6263736263736264,0.6195652173913043,710,34,0.625,96,7.1
flash,baseline,0.1,0.6129032258064516,0.6263736263736264,0.6195652173913043,710,34,0.625,96,7.1
flash,baseline,0.11,0.6129032258064516,0.6263736263736264,0.6195652173913043,710,34,0.625,96,7.1
flash,baseline,0.12,0.6129032258064516,0.6263736263736264,0.6195652173913043,740,34,0.625,96,7.4
flash,baseline,0.13,0.6129032258064516,0.6263736263736264,0.6195652173913043,740,34,0.625,96,7.4
flash,baseline,0.14,0.6129032258064516,0.6263736263736264,0.6195652173913043,740,34,0.625,96,7.4
flash,baseline,0.15,0.6129032258064516,0.6263736263736264,0.6195652173913043,740,34,0.625,96,7.4
flash,baseline,0.16,0.6129032258064516,0.6263736263736264,0.6195652173913043,740,34,0.625,96,7.4
flash,baseline,0.17,0.6129032258064516,0.6263736263736264,0.6195652173913043,740,34,0.625,96,7.4
flash,baseline,0.18,0.6129032258064516,0.6263736263736264,0.6195652173913043,850,34,0.625,96,8.5
flash,baseline,0.19,0.6129032258064516,0.6263736263736264,0.6195652173913043,850,34,0.625,96,8.5
flash,baseline,0.2,0.6129032258064516,0.6263736263736264,0.6195652173913043,850,34,0.625,96,8.5
flash,baseline,0.21,0.6129032258064516,0.6263736263736264,0.6195652173913043,850,34,0.625,96,8.5
flash,baseline,0.22,0.6413043478260869,0.6483516483516484,0.644808743169399,805,32,0.6458333333333334,96,8.05
flash,baseline,0.23,0.6703296703296703,0.6703296703296703,0.6703296703296703,730,30,0.6770833333333334,96,7.3
flash,baseline,0.24,0.6629213483146067,0.6483516483516484,0.6555555555555556,730,32,0.65625,96,7.3
flash,baseline,0.25,0.6741573033707865,0.6593406593406593,0.6666666666666666,710,31,0.6666666666666666,96,7.1
flash,baseline,0.26,0.6629213483146067,0.6483516483516484,0.6555555555555556,830,32,0.65625,96,8.3
flash,baseline,0.27,0.6629213483146067,0.6483516483516484,0.6555555555555556,830,32,0.65625,96,8.3
flash,baseline,0.28,0.6741573033707865,0.6593406593406593,0.6666666666666666,800,31,0.6666666666666666,96,8
flash,baseline,0.29,0.6741573033707865,0.6593406593406593,0.6666666666666666,800,31,0.6666666666666666,96,8
flash,baseline,0.3,0.7078651685393258,0.6923076923076923,0.7,740,28,0.6979166666666666,96,7.4
flash,baseline,0.31,0.7191011235955056,0.7032967032967034,0.7111111111111111,720,27,0.7083333333333334,96,7.2
flash,baseline,0.32,0.7415730337078652,0.7252747252747253,0.7333333333333333,690,25,0.7291666666666666,96,6.9
flash,baseline,0.33,0.7528089887640449,0.7362637362637363,0.7444444444444445,670,24,0.7395833333333334,96,6.7
flash,baseline,0.34,0.7528089887640449,0.7362637362637363,0.7444444444444445,670,24,0.7395833333333334,96,6.7
flash,baseline,0.35,0.7752808988764045,0.7582417582417582,0.7666666666666667,610,22,0.7604166666666666,96,6.1
flash,baseline,0.36,0.7701149425287356,0.7362637362637363,0.7528089887640449,610,24,0.7395833333333334,96,6.1
flash,baseline,0.37,0.8160919540229885,0.7802197802197802,0.797752808988764,510,20,0.78125,96,5.1
flash,baseline,0.38,0.8271604938271605,0.7362637362637363,0.7790697674418605,370,24,0.7395833333333334,96,3.7
flash,baseline,0.39,0.8227848101265823,0.7142857142857143,0.7647058823529411,465,26,0.71875,96,4.65
flash,baseline,0.4,0.8354430379746836,0.7252747252747253,0.7764705882352941,445,25,0.7291666666666666,96,4.45
flash,baseline,0.41,0.8354430379746836,0.7252747252747253,0.7764705882352941,445,25,0.7291666666666666,96,4.45
flash,baseline,0.42,0.8571428571428571,0.7252747252747253,0.7857142857142857,275,25,0.7291666666666666,96,2.75
flash,baseline,0.43,0.8701298701298701,0.7362637362637363,0.7976190476190477,265,24,0.7395833333333334,96,2.65
flash,baseline,0.44,0.8783783783783784,0.7142857142857143,0.7878787878787878,245,26,0.71875,96,2.45
flash,baseline,0.45,0.8732394366197183,0.6813186813186813,0.7654320987654321,245,29,0.6875,96,2.45
flash,baseline,0.46,0.8382352941176471,0.6263736263736264,0.7169811320754716,365,34,0.6354166666666666,96,3.65
flash,baseline,0.47,0.8382352941176471,0.6263736263736264,0.7169811320754716,365,34,0.6354166666666666,96,3.65
flash,baseline,0.48,0.8382352941176471,0.6263736263736264,0.7169811320754716,365,34,0.6354166666666666,96,3.65
flash,baseline,0.49,0.859375,0.6043956043956044,0.7096774193548387,335,36,0.6145833333333334,96,3.35
flash,baseline,0.5,0.8548387096774194,0.5824175824175825,0.6928104575163399,335,38,0.59375,96,3.35
flash,baseline,0.51,0.8548387096774194,0.5824175824175825,0.6928104575163399,335,38,0.59375,96,3.35
flash,baseline,0.52,0.8225806451612904,0.5604395604395604,0.6666666666666666,505,40,0.5729166666666666,96,5.05
flash,baseline,0.53,0.8225806451612904,0.5604395604395604,0.6666666666666666,615,40,0.5729166666666666,96,6.15
flash,baseline,0.54,0.85,0.5604395604395604,0.6754966887417219,495,40,0.5729166666666666,96,4.95
flash,baseline,0.55,0.8448275862068966,0.5384615384615384,0.6577181208053692,515,42,0.5520833333333334,96,5.15
flash,baseline,0.56,0.8392857142857143,0.5164835164835165,0.6394557823129252,495,44,0.53125,96,4.95
flash,baseline,0.57,0.9,0.4945054945054945,0.6382978723404256,205,46,0.5104166666666666,96,2.05
flash,baseline,0.58,0.8888888888888888,0.43956043956043955,0.5882352941176471,205,51,0.4583333333333333,96,2.05
flash,baseline,0.59,0.8780487804878049,0.3956043956043956,0.5454545454545454,205,55,0.4166666666666667,96,2.05
flash,baseline,0.6,0.8648648648648649,0.3516483516483517,0.5,165,59,0.375,96,1.65
flash,evidence,0.05,0.7096774193548387,0.7252747252747253,0.717391304347826,710,25,0.71875,96,7.1
flash,evidence,0.06,0.7096774193548387,0.7252747252747253,0.717391304347826,710,25,0.71875,96,7.1
flash,evidence,0.07,0.7096774193548387,0.7252747252747253,0.717391304347826,710,25,0.71875,96,7.1
flash,evidence,0.08,0.7096774193548387,0.7252747252747253,0.717391304347826,710,25,0.71875,96,7.1
flash,evidence,0.09,0.7096774193548387,0.7252747252747253,0.717391304347826,710,25,0.71875,96,7.1
flash,evidence,0.1,0.7096774193548387,0.7252747252747253,0.717391304347826,710,25,0.71875,96,7.1
flash,evidence,0.11,0.7096774193548387,0.7252747252747253,0.717391304347826,710,25,0.71875,96,7.1
flash,evidence,0.12,0.7096774193548387,0.7252747252747253,0.717391304347826,710,25,0.71875,96,7.1
flash,evidence,0.13,0.7096774193548387,0.7252747252747253,0.717391304347826,710,25,0.71875,96,7.1
flash,evidence,0.14,0.7096774193548387,0.7252747252747253,0.717391304347826,710,25,0.71875,96,7.1
flash,evidence,0.15,0.7096774193548387,0.7252747252747253,0.717391304347826,710,25,0.71875,96,7.1
flash,evidence,0.16,0.7096774193548387,0.7252747252747253,0.717391304347826,720,25,0.71875,96,7.2
flash,evidence,0.17,0.7096774193548387,0.7252747252747253,0.717391304347826,720,25,0.71875,96,7.2
flash,evidence,0.18,0.7311827956989247,0.7472527472527473,0.7391304347826086,690,23,0.7395833333333334,96,6.9
flash,evidence,0.19,0.7311827956989247,0.7472527472527473,0.7391304347826086,690,23,0.7395833333333334,96,6.9
flash,evidence,0.2,0.7311827956989247,0.7472527472527473,0.7391304347826086,690,23,0.7395833333333334,96,6.9
flash,evidence,0.21,0.7311827956989247,0.7472527472527473,0.7391304347826086,690,23,0.7395833333333334,96,6.9
flash,evidence,0.22,0.7311827956989247,0.7472527472527473,0.7391304347826086,690,23,0.7395833333333334,96,6.9
flash,evidence,0.23,0.7311827956989247,0.7472527472527473,0.7391304347826086,690,23,0.7395833333333334,96,6.9
flash,evidence,0.24,0.7311827956989247,0.7472527472527473,0.7391304347826086,690,23,0.7395833333333334,96,6.9
flash,evidence,0.25,0.7419354838709677,0.7582417582417582,0.75,670,22,0.75,96,6.7
flash,evidence,0.26,0.7419354838709677,0.7582417582417582,0.75,700,22,0.75,96,7
flash,evidence,0.27,0.7634408602150538,0.7802197802197802,0.7717391304347826,665,20,0.7708333333333334,96,6.65
flash,evidence,0.28,0.7741935483870968,0.7912087912087912,0.782608695652174,650,19,0.78125,96,6.5
flash,evidence,0.29,0.7717391304347826,0.7802197802197802,0.7759562841530054,650,20,0.7708333333333334,96,6.5
flash,evidence,0.3,0.7802197802197802,0.7802197802197802,0.7802197802197802,730,20,0.78125,96,7.3
flash,evidence,0.31,0.7802197802197802,0.7802197802197802,0.7802197802197802,730,20,0.78125,96,7.3
flash,evidence,0.32,0.7777777777777778,0.7692307692307693,0.7734806629834254,730,21,0.7708333333333334,96,7.3
flash,evidence,0.33,0.7888888888888889,0.7802197802197802,0.7845303867403315,720,20,0.78125,96,7.2
flash,evidence,0.34,0.7888888888888889,0.7802197802197802,0.7845303867403315,720,20,0.78125,96,7.2
flash,evidence,0.35,0.7777777777777778,0.7692307692307693,0.7734806629834254,855,21,0.7708333333333334,96,8.55
flash,evidence,0.36,0.8045977011494253,0.7692307692307693,0.7865168539325843,660,21,0.7708333333333334,96,6.6
flash,evidence,0.37,0.8160919540229885,0.7802197802197802,0.797752808988764,640,20,0.78125,96,6.4
flash,evidence,0.38,0.8390804597701149,0.8021978021978022,0.8202247191011236,600,18,0.8020833333333334,96,6
flash,evidence,0.39,0.8390804597701149,0.8021978021978022,0.8202247191011236,600,18,0.8020833333333334,96,6
flash,evidence,0.4,0.8390804597701149,0.8021978021978022,0.8202247191011236,600,18,0.8020833333333334,96,6
flash,evidence,0.41,0.8160919540229885,0.7802197802197802,0.797752808988764,740,20,0.78125,96,7.4
flash,evidence,0.42,0.7931034482758621,0.7582417582417582,0.7752808988764045,880,22,0.7604166666666666,96,8.8
flash,evidence,0.43,0.7931034482758621,0.7582417582417582,0.7752808988764045,880,22,0.7604166666666666,96,8.8
flash,evidence,0.44,0.8117647058823529,0.7582417582417582,0.7840909090909091,850,22,0.7604166666666666,96,8.5
flash,evidence,0.45,0.8117647058823529,0.7582417582417582,0.7840909090909091,850,22,0.7604166666666666,96,8.5
flash,evidence,0.46,0.8048780487804879,0.7252747252747253,0.7630057803468208,850,25,0.7291666666666666,96,8.5
flash,evidence,0.47,0.8170731707317073,0.7362637362637363,0.7745664739884393,835,24,0.7395833333333334,96,8.35
flash,evidence,0.48,0.8170731707317073,0.7362637362637363,0.7745664739884393,835,24,0.7395833333333334,96,8.35
flash,evidence,0.49,0.7926829268292683,0.7142857142857143,0.7514450867052023,975,26,0.71875,96,9.75
flash,evidence,0.5,0.8125,0.7142857142857143,0.7602339181286549,835,26,0.71875,96,8.35
flash,evidence,0.51,0.8125,0.7142857142857143,0.7602339181286549,835,26,0.71875,96,8.35
flash,evidence,0.52,0.8125,0.7142857142857143,0.7602339181286549,835,26,0.71875,96,8.35
flash,evidence,0.53,0.8076923076923077,0.6923076923076923,0.7455621301775148,835,28,0.6979166666666666,96,8.35
flash,evidence,0.54,0.7733333333333333,0.6373626373626373,0.6987951807228916,1005,33,0.6458333333333334,96,10.05
flash,evidence,0.55,0.7671232876712328,0.6153846153846154,0.6829268292682927,1005,35,0.625,96,10.05
flash,evidence,0.56,0.7397260273972602,0.5934065934065934,0.6585365853658537,1175,37,0.6041666666666666,96,11.75
flash,evidence,0.57,0.7361111111111112,0.5824175824175825,0.6503067484662577,1175,38,0.59375,96,11.75
flash,evidence,0.58,0.7571428571428571,0.5824175824175825,0.6583850931677019,1035,38,0.59375,96,10.35
flash,evidence,0.59,0.7794117647058824,0.5824175824175825,0.6666666666666666,995,38,0.59375,96,9.95
flash,evidence,0.6,0.75,0.5604395604395604,0.6415094339622641,1135,40,0.5729166666666666,96,11.35
flash,batch,0.05,0.6170212765957447,0.6373626373626373,0.6270270270270271,1245,33,0.625,96,12.45
flash,batch,0.06,0.6170212765957447,0.6373626373626373,0.6270270270270271,1245,33,0.625,96,12.45
flash,batch,0.07,0.6170212765957447,0.6373626373626373,0.6270270270270271,1245,33,0.625,96,12.45
flash,batch,0.08,0.6170212765957447,0.6373626373626373,0.6270270270270271,1245,33,0.625,96,12.45
flash,batch,0.09,0.6170212765957447,0.6373626373626373,0.6270270270270271,1290,33,0.625,96,12.9
flash,batch,0.1,0.6236559139784946,0.6373626373626373,0.6304347826086957,1230,33,0.6354166666666666,96,12.3
flash,batch,0.11,0.6236559139784946,0.6373626373626373,0.6304347826086957,1230,33,0.6354166666666666,96,12.3
flash,batch,0.12,0.6236559139784946,0.6373626373626373,0.6304347826086957,1230,33,0.6354166666666666,96,12.3
flash,batch,0.13,0.6236559139784946,0.6373626373626373,0.6304347826086957,1230,33,0.6354166666666666,96,12.3
flash,batch,0.14,0.6236559139784946,0.6373626373626373,0.6304347826086957,1230,33,0.6354166666666666,96,12.3
flash,batch,0.15,0.6236559139784946,0.6373626373626373,0.6304347826086957,1230,33,0.6354166666666666,96,12.3
flash,batch,0.16,0.6236559139784946,0.6373626373626373,0.6304347826086957,1275,33,0.6354166666666666,96,12.75
flash,batch,0.17,0.6236559139784946,0.6373626373626373,0.6304347826086957,1275,33,0.6354166666666666,96,12.75
flash,batch,0.18,0.6236559139784946,0.6373626373626373,0.6304347826086957,1275,33,0.6354166666666666,96,12.75
flash,batch,0.19,0.6236559139784946,0.6373626373626373,0.6304347826086957,1325,33,0.6354166666666666,96,13.25
flash,batch,0.2,0.6236559139784946,0.6373626373626373,0.6304347826086957,1325,33,0.6354166666666666,96,13.25
flash,batch,0.21,0.6236559139784946,0.6373626373626373,0.6304347826086957,1325,33,0.6354166666666666,96,13.25
flash,batch,0.22,0.6236559139784946,0.6373626373626373,0.6304347826086957,1390,33,0.6354166666666666,96,13.9
flash,batch,0.23,0.6236559139784946,0.6373626373626373,0.6304347826086957,1390,33,0.6354166666666666,96,13.9
flash,batch,0.24,0.6304347826086957,0.6373626373626373,0.6338797814207651,1360,33,0.6354166666666666,96,13.6
flash,batch,0.25,0.6304347826086957,0.6373626373626373,0.6338797814207651,1360,33,0.6354166666666666,96,13.6
flash,batch,0.26,0.6304347826086957,0.6373626373626373,0.6338797814207651,1360,33,0.6354166666666666,96,13.6
flash,batch,0.27,0.6304347826086957,0.6373626373626373,0.6338797814207651,1360,33,0.6354166666666666,96,13.6
flash,batch,0.28,0.6304347826086957,0.6373626373626373,0.6338797814207651,1395,33,0.6354166666666666,96,13.95
flash,batch,0.29,0.6413043478260869,0.6483516483516484,0.644808743169399,1370,32,0.6458333333333334,96,13.7
flash,batch,0.3,0.6593406593406593,0.6593406593406593,0.6593406593406593,1330,31,0.6666666666666666,96,13.3
flash,batch,0.31,0.6483516483516484,0.6483516483516484,0.6483516483516484,1400,32,0.65625,96,14
flash,batch,0.32,0.6703296703296703,0.6703296703296703,0.6703296703296703,1355,30,0.6770833333333334,96,13.55
flash,batch,0.33,0.6703296703296703,0.6703296703296703,0.6703296703296703,1355,30,0.6770833333333334,96,13.55
flash,batch,0.34,0.6703296703296703,0.6703296703296703,0.6703296703296703,1355,30,0.6770833333333334,96,13.55
flash,batch,0.35,0.6703296703296703,0.6703296703296703,0.6703296703296703,1400,30,0.6770833333333334,96,14
flash,batch,0.36,0.6703296703296703,0.6703296703296703,0.6703296703296703,1450,30,0.6770833333333334,96,14.5
flash,batch,0.37,0.6813186813186813,0.6813186813186813,0.6813186813186813,1435,29,0.6875,96,14.35
flash,batch,0.38,0.7032967032967034,0.7032967032967034,0.7032967032967034,1450,27,0.7083333333333334,96,14.5
flash,batch,0.39,0.7032967032967034,0.7032967032967034,0.7032967032967034,1450,27,0.7083333333333334,96,14.5
flash,batch,0.4,0.7142857142857143,0.7142857142857143,0.7142857142857143,1435,26,0.71875,96,14.35
flash,batch,0.41,0.7142857142857143,0.7142857142857143,0.7142857142857143,1485,26,0.71875,96,14.85
flash,batch,0.42,0.7142857142857143,0.7142857142857143,0.7142857142857143,1485,26,0.71875,96,14.85
flash,batch,0.43,0.7032967032967034,0.7032967032967034,0.7032967032967034,1620,27,0.7083333333333334,96,16.2
flash,batch,0.44,0.7032967032967034,0.7032967032967034,0.7032967032967034,1625,27,0.7083333333333334,96,16.25
flash,batch,0.45,0.7032967032967034,0.7032967032967034,0.7032967032967034,1625,27,0.7083333333333334,96,16.25
flash,batch,0.46,0.7032967032967034,0.7032967032967034,0.7032967032967034,1625,27,0.7083333333333334,96,16.25
flash,batch,0.47,0.7032967032967034,0.7032967032967034,0.7032967032967034,1630,27,0.7083333333333334,96,16.3
flash,batch,0.48,0.7,0.6923076923076923,0.6961325966850829,1680,28,0.6979166666666666,96,16.8
flash,batch,0.49,0.7,0.6923076923076923,0.6961325966850829,1725,28,0.6979166666666666,96,17.25
flash,batch,0.5,0.7111111111111111,0.7032967032967034,0.7071823204419889,1710,27,0.7083333333333334,96,17.1
flash,batch,0.51,0.6966292134831461,0.6813186813186813,0.6888888888888889,1760,29,0.6875,96,17.6
flash,batch,0.52,0.7176470588235294,0.6703296703296703,0.6931818181818182,1600,30,0.6770833333333334,96,16
flash,batch,0.53,0.6823529411764706,0.6373626373626373,0.6590909090909091,1855,33,0.6458333333333334,96,18.55
flash,batch,0.54,0.6867469879518072,0.6263736263736264,0.6551724137931034,1810,34,0.6354166666666666,96,18.1
flash,batch,0.55,0.7,0.6153846153846154,0.6549707602339181,1680,35,0.625,96,16.8
flash,batch,0.56,0.6923076923076923,0.5934065934065934,0.6390532544378699,1720,37,0.6145833333333334,96,17.2
flash,batch,0.57,0.68,0.5604395604395604,0.6144578313253012,1790,40,0.5833333333333334,96,17.9
flash,batch,0.58,0.6666666666666666,0.5494505494505495,0.6024096385542169,1875,41,0.5729166666666666,96,18.75
flash,batch,0.59,0.6056338028169014,0.4725274725274725,0.5308641975308642,2115,48,0.5,96,21.15
flash,batch,0.6,0.6142857142857143,0.4725274725274725,0.5341614906832298,2055,48,0.5,96,20.55
flash,batch-evidence,0.05,0.6559139784946236,0.6703296703296703,0.6630434782608695,1400,30,0.6666666666666666,96,14
flash,batch-evidence,0.06,0.6559139784946236,0.6703296703296703,0.6630434782608695,1400,30,0.6666666666666666,96,14
flash,batch-evidence,0.07,0.6559139784946236,0.6703296703296703,0.6630434782608695,1400,30,0.6666666666666666,96,14
flash,batch-evidence,0.08,0.6559139784946236,0.6703296703296703,0.6630434782608695,1400,30,0.6666666666666666,96,14
flash,batch-evidence,0.09,0.6559139784946236,0.6703296703296703,0.6630434782608695,1400,30,0.6666666666666666,96,14
flash,batch-evidence,0.1,0.6559139784946236,0.6703296703296703,0.6630434782608695,1400,30,0.6666666666666666,96,14
flash,batch-evidence,0.11,0.6559139784946236,0.6703296703296703,0.6630434782608695,1400,30,0.6666666666666666,96,14
flash,batch-evidence,0.12,0.6559139784946236,0.6703296703296703,0.6630434782608695,1400,30,0.6666666666666666,96,14
flash,batch-evidence,0.13,0.6559139784946236,0.6703296703296703,0.6630434782608695,1400,30,0.6666666666666666,96,14
flash,batch-evidence,0.14,0.6559139784946236,0.6703296703296703,0.6630434782608695,1400,30,0.6666666666666666,96,14
flash,batch-evidence,0.15,0.6559139784946236,0.6703296703296703,0.6630434782608695,1400,30,0.6666666666666666,96,14
flash,batch-evidence,0.16,0.6559139784946236,0.6703296703296703,0.6630434782608695,1400,30,0.6666666666666666,96,14
flash,batch-evidence,0.17,0.6559139784946236,0.6703296703296703,0.6630434782608695,1400,30,0.6666666666666666,96,14
flash,batch-evidence,0.18,0.6559139784946236,0.6703296703296703,0.6630434782608695,1400,30,0.6666666666666666,96,14
flash,batch-evidence,0.19,0.6559139784946236,0.6703296703296703,0.6630434782608695,1400,30,0.6666666666666666,96,14
flash,batch-evidence,0.2,0.6559139784946236,0.6703296703296703,0.6630434782608695,1400,30,0.6666666666666666,96,14
flash,batch-evidence,0.21,0.6559139784946236,0.6703296703296703,0.6630434782608695,1400,30,0.6666666666666666,96,14
flash,batch-evidence,0.22,0.6559139784946236,0.6703296703296703,0.6630434782608695,1400,30,0.6666666666666666,96,14
flash,batch-evidence,0.23,0.6559139784946236,0.6703296703296703,0.6630434782608695,1400,30,0.6666666666666666,96,14
flash,batch-evidence,0.24,0.6559139784946236,0.6703296703296703,0.6630434782608695,1400,30,0.6666666666666666,96,14
flash,batch-evidence,0.25,0.6559139784946236,0.6703296703296703,0.6630434782608695,1400,30,0.6666666666666666,96,14
flash,batch-evidence,0.26,0.6813186813186813,0.6813186813186813,0.6813186813186813,1325,29,0.6875,96,13.25
flash,batch-evidence,0.27,0.7032967032967034,0.7032967032967034,0.7032967032967034,1290,27,0.7083333333333334,96,12.9
flash,batch-evidence,0.28,0.7032967032967034,0.7032967032967034,0.7032967032967034,1290,27,0.7083333333333334,96,12.9
flash,batch-evidence,0.29,0.7142857142857143,0.7142857142857143,0.7142857142857143,1275,26,0.71875,96,12.75
flash,batch-evidence,0.3,0.7142857142857143,0.7142857142857143,0.7142857142857143,1275,26,0.71875,96,12.75
flash,batch-evidence,0.31,0.7142857142857143,0.7142857142857143,0.7142857142857143,1275,26,0.71875,96,12.75
flash,batch-evidence,0.32,0.7252747252747253,0.7252747252747253,0.7252747252747253,1305,25,0.7291666666666666,96,13.05
flash,batch-evidence,0.33,0.7472527472527473,0.7472527472527473,0.7472527472527473,1325,23,0.75,96,13.25
flash,batch-evidence,0.34,0.7472527472527473,0.7472527472527473,0.7472527472527473,1325,23,0.75,96,13.25
flash,batch-evidence,0.35,0.7692307692307693,0.7692307692307693,0.7692307692307693,1290,21,0.7708333333333334,96,12.9
flash,batch-evidence,0.36,0.7692307692307693,0.7692307692307693,0.7692307692307693,1340,21,0.7708333333333334,96,13.4
flash,batch-evidence,0.37,0.7692307692307693,0.7692307692307693,0.7692307692307693,1340,21,0.7708333333333334,96,13.4
flash,batch-evidence,0.38,0.7582417582417582,0.7582417582417582,0.7582417582417582,1425,22,0.7604166666666666,96,14.25
flash,batch-evidence,0.39,0.7555555555555555,0.7472527472527473,0.7513812154696132,1425,23,0.75,96,14.25
flash,batch-evidence,0.4,0.7555555555555555,0.7472527472527473,0.7513812154696132,1425,23,0.75,96,14.25
flash,batch-evidence,0.41,0.7555555555555555,0.7472527472527473,0.7513812154696132,1470,23,0.75,96,14.7
flash,batch-evidence,0.42,0.7555555555555555,0.7472527472527473,0.7513812154696132,1470,23,0.75,96,14.7
flash,batch-evidence,0.43,0.7752808988764045,0.7582417582417582,0.7666666666666667,1390,22,0.7604166666666666,96,13.9
flash,batch-evidence,0.44,0.7752808988764045,0.7582417582417582,0.7666666666666667,1390,22,0.7604166666666666,96,13.9
flash,batch-evidence,0.45,0.7752808988764045,0.7582417582417582,0.7666666666666667,1390,22,0.7604166666666666,96,13.9
flash,batch-evidence,0.46,0.7752808988764045,0.7582417582417582,0.7666666666666667,1390,22,0.7604166666666666,96,13.9
flash,batch-evidence,0.47,0.7752808988764045,0.7582417582417582,0.7666666666666667,1390,22,0.7604166666666666,96,13.9
flash,batch-evidence,0.48,0.7640449438202247,0.7472527472527473,0.7555555555555555,1475,23,0.75,96,14.75
flash,batch-evidence,0.49,0.7528089887640449,0.7362637362637363,0.7444444444444445,1545,24,0.7395833333333334,96,15.45
flash,batch-evidence,0.5,0.7528089887640449,0.7362637362637363,0.7444444444444445,1545,24,0.7395833333333334,96,15.45
flash,batch-evidence,0.51,0.7528089887640449,0.7362637362637363,0.7444444444444445,1550,24,0.7395833333333334,96,15.5
flash,batch-evidence,0.52,0.7528089887640449,0.7362637362637363,0.7444444444444445,1590,24,0.7395833333333334,96,15.9
flash,batch-evidence,0.53,0.7528089887640449,0.7362637362637363,0.7444444444444445,1590,24,0.7395833333333334,96,15.9
flash,batch-evidence,0.54,0.7415730337078652,0.7252747252747253,0.7333333333333333,1660,25,0.7291666666666666,96,16.6
flash,batch-evidence,0.55,0.75,0.7252747252747253,0.7374301675977654,1600,25,0.7291666666666666,96,16
flash,batch-evidence,0.56,0.75,0.7252747252747253,0.7374301675977654,1600,25,0.7291666666666666,96,16
flash,batch-evidence,0.57,0.7471264367816092,0.7142857142857143,0.7303370786516854,1600,26,0.71875,96,16
flash,batch-evidence,0.58,0.7441860465116279,0.7032967032967034,0.7231638418079096,1600,27,0.7083333333333334,96,16
flash,batch-evidence,0.59,0.7441860465116279,0.7032967032967034,0.7231638418079096,1600,27,0.7083333333333334,96,16
flash,batch-evidence,0.6,0.7411764705882353,0.6923076923076923,0.7159090909090909,1615,28,0.6979166666666666,96,16.15
clef,baseline,0.05,0.8387096774193549,0.8571428571428571,0.8478260869565217,230,13,0.84375,96,2.3
clef,baseline,0.06,0.8387096774193549,0.8571428571428571,0.8478260869565217,230,13,0.84375,96,2.3
clef,baseline,0.07,0.8387096774193549,0.8571428571428571,0.8478260869565217,230,13,0.84375,96,2.3
clef,baseline,0.08,0.8387096774193549,0.8571428571428571,0.8478260869565217,230,13,0.84375,96,2.3
clef,baseline,0.09,0.8387096774193549,0.8571428571428571,0.8478260869565217,230,13,0.84375,96,2.3
clef,baseline,0.1,0.8387096774193549,0.8571428571428571,0.8478260869565217,230,13,0.84375,96,2.3
clef,baseline,0.11,0.8387096774193549,0.8571428571428571,0.8478260869565217,230,13,0.84375,96,2.3
clef,baseline,0.12,0.8387096774193549,0.8571428571428571,0.8478260869565217,230,13,0.84375,96,2.3
clef,baseline,0.13,0.8387096774193549,0.8571428571428571,0.8478260869565217,230,13,0.84375,96,2.3
clef,baseline,0.14,0.8387096774193549,0.8571428571428571,0.8478260869565217,230,13,0.84375,96,2.3
clef,baseline,0.15,0.8387096774193549,0.8571428571428571,0.8478260869565217,230,13,0.84375,96,2.3
clef,baseline,0.16,0.8387096774193549,0.8571428571428571,0.8478260869565217,230,13,0.84375,96,2.3
clef,baseline,0.17,0.8387096774193549,0.8571428571428571,0.8478260869565217,230,13,0.84375,96,2.3
clef,baseline,0.18,0.8387096774193549,0.8571428571428571,0.8478260869565217,230,13,0.84375,96,2.3
clef,baseline,0.19,0.8387096774193549,0.8571428571428571,0.8478260869565217,230,13,0.84375,96,2.3
clef,baseline,0.2,0.8602150537634409,0.8791208791208791,0.8695652173913043,200,11,0.8645833333333334,96,2
clef,baseline,0.21,0.8602150537634409,0.8791208791208791,0.8695652173913043,200,11,0.8645833333333334,96,2
clef,baseline,0.22,0.8602150537634409,0.8791208791208791,0.8695652173913043,200,11,0.8645833333333334,96,2
clef,baseline,0.23,0.8709677419354839,0.8901098901098901,0.8804347826086957,180,10,0.875,96,1.8
clef,baseline,0.24,0.8709677419354839,0.8901098901098901,0.8804347826086957,180,10,0.875,96,1.8
clef,baseline,0.25,0.8804347826086957,0.8901098901098901,0.8852459016393442,155,10,0.8854166666666666,96,1.55
clef,baseline,0.26,0.8804347826086957,0.8901098901098901,0.8852459016393442,155,10,0.8854166666666666,96,1.55
clef,baseline,0.27,0.8804347826086957,0.8901098901098901,0.8852459016393442,155,10,0.8854166666666666,96,1.55
clef,baseline,0.28,0.8913043478260869,0.9010989010989011,0.8961748633879781,145,9,0.8958333333333334,96,1.45
clef,baseline,0.29,0.8913043478260869,0.9010989010989011,0.8961748633879781,145,9,0.8958333333333334,96,1.45
clef,baseline,0.3,0.8913043478260869,0.9010989010989011,0.8961748633879781,145,9,0.8958333333333334,96,1.45
clef,baseline,0.31,0.8913043478260869,0.9010989010989011,0.8961748633879781,145,9,0.8958333333333334,96,1.45
clef,baseline,0.32,0.9021739130434783,0.9120879120879121,0.907103825136612,135,8,0.90625,96,1.35
clef,baseline,0.33,0.9239130434782609,0.9340659340659341,0.9289617486338798,95,6,0.9270833333333334,96,0.95
clef,baseline,0.34,0.9239130434782609,0.9340659340659341,0.9289617486338798,95,6,0.9270833333333334,96,0.95
clef,baseline,0.35,0.9239130434782609,0.9340659340659341,0.9289617486338798,95,6,0.9270833333333334,96,0.95
clef,baseline,0.36,0.9340659340659341,0.9340659340659341,0.9340659340659341,75,6,0.9270833333333334,96,0.75
clef,baseline,0.37,0.9120879120879121,0.9120879120879121,0.9120879120879121,245,8,0.90625,96,2.45
clef,baseline,0.38,0.9120879120879121,0.9120879120879121,0.9120879120879121,245,8,0.90625,96,2.45
clef,baseline,0.39,0.9340659340659341,0.9340659340659341,0.9340659340659341,215,6,0.9270833333333334,96,2.15
clef,baseline,0.4,0.9340659340659341,0.9340659340659341,0.9340659340659341,215,6,0.9270833333333334,96,2.15
clef,baseline,0.41,0.9120879120879121,0.9120879120879121,0.9120879120879121,355,8,0.90625,96,3.55
clef,baseline,0.42,0.9120879120879121,0.9120879120879121,0.9120879120879121,355,8,0.90625,96,3.55
clef,baseline,0.43,0.9222222222222223,0.9120879120879121,0.9171270718232044,340,8,0.9166666666666666,96,3.4
clef,baseline,0.44,0.9222222222222223,0.9120879120879121,0.9171270718232044,340,8,0.9166666666666666,96,3.4
clef,baseline,0.45,0.9222222222222223,0.9120879120879121,0.9171270718232044,340,8,0.9166666666666666,96,3.4
clef,baseline,0.46,0.9431818181818182,0.9120879120879121,0.9273743016759777,200,8,0.9166666666666666,96,2
clef,baseline,0.47,0.9431818181818182,0.9120879120879121,0.9273743016759777,200,8,0.9166666666666666,96,2
clef,baseline,0.48,0.9545454545454546,0.9230769230769231,0.9385474860335196,190,7,0.9270833333333334,96,1.9
clef,baseline,0.49,0.9545454545454546,0.9230769230769231,0.9385474860335196,190,7,0.9270833333333334,96,1.9
clef,baseline,0.5,0.9545454545454546,0.9230769230769231,0.9385474860335196,190,7,0.9270833333333334,96,1.9
clef,baseline,0.51,0.9659090909090909,0.9340659340659341,0.9497206703910615,190,6,0.9375,96,1.9
clef,baseline,0.52,0.9659090909090909,0.9340659340659341,0.9497206703910615,190,6,0.9375,96,1.9
clef,baseline,0.53,0.9659090909090909,0.9340659340659341,0.9497206703910615,190,6,0.9375,96,1.9
clef,baseline,0.54,0.9431818181818182,0.9120879120879121,0.9273743016759777,310,8,0.9166666666666666,96,3.1
clef,baseline,0.55,0.9204545454545454,0.8901098901098901,0.9050279329608939,450,10,0.8958333333333334,96,4.5
clef,baseline,0.56,0.9204545454545454,0.8901098901098901,0.9050279329608939,450,10,0.8958333333333334,96,4.5
clef,baseline,0.57,0.9204545454545454,0.8901098901098901,0.9050279329608939,450,10,0.8958333333333334,96,4.5
clef,baseline,0.58,0.9204545454545454,0.8901098901098901,0.9050279329608939,450,10,0.8958333333333334,96,4.5
clef,baseline,0.59,0.896551724137931,0.8571428571428571,0.8764044943820225,620,13,0.8645833333333334,96,6.2
clef,baseline,0.6,0.8275862068965517,0.7912087912087912,0.8089887640449438,1000,19,0.8020833333333334,96,10
clef,evidence,0.05,0.8279569892473119,0.8461538461538461,0.8369565217391305,355,14,0.8333333333333334,96,3.55
clef,evidence,0.06,0.8279569892473119,0.8461538461538461,0.8369565217391305,355,14,0.8333333333333334,96,3.55
clef,evidence,0.07,0.8279569892473119,0.8461538461538461,0.8369565217391305,355,14,0.8333333333333334,96,3.55
clef,evidence,0.08,0.8279569892473119,0.8461538461538461,0.8369565217391305,355,14,0.8333333333333334,96,3.55
clef,evidence,0.09,0.8279569892473119,0.8461538461538461,0.8369565217391305,355,14,0.8333333333333334,96,3.55
clef,evidence,0.1,0.8279569892473119,0.8461538461538461,0.8369565217391305,355,14,0.8333333333333334,96,3.55
clef,evidence,0.11,0.8369565217391305,0.8461538461538461,0.8415300546448088,330,14,0.84375,96,3.3
clef,evidence,0.12,0.8478260869565217,0.8571428571428571,0.8524590163934426,315,13,0.8541666666666666,96,3.15
clef,evidence,0.13,0.8478260869565217,0.8571428571428571,0.8524590163934426,315,13,0.8541666666666666,96,3.15
clef,evidence,0.14,0.8478260869565217,0.8571428571428571,0.8524590163934426,315,13,0.8541666666666666,96,3.15
clef,evidence,0.15,0.8478260869565217,0.8571428571428571,0.8524590163934426,315,13,0.8541666666666666,96,3.15
clef,evidence,0.16,0.8478260869565217,0.8571428571428571,0.8524590163934426,315,13,0.8541666666666666,96,3.15
clef,evidence,0.17,0.8478260869565217,0.8571428571428571,0.8524590163934426,315,13,0.8541666666666666,96,3.15
clef,evidence,0.18,0.8478260869565217,0.8571428571428571,0.8524590163934426,315,13,0.8541666666666666,96,3.15
clef,evidence,0.19,0.8478260869565217,0.8571428571428571,0.8524590163934426,315,13,0.8541666666666666,96,3.15
clef,evidence,0.2,0.8478260869565217,0.8571428571428571,0.8524590163934426,315,13,0.8541666666666666,96,3.15
clef,evidence,0.21,0.8478260869565217,0.8571428571428571,0.8524590163934426,360,13,0.8541666666666666,96,3.6
clef,evidence,0.22,0.8571428571428571,0.8571428571428571,0.8571428571428571,300,13,0.8645833333333334,96,3
clef,evidence,0.23,0.8571428571428571,0.8571428571428571,0.8571428571428571,300,13,0.8645833333333334,96,3
clef,evidence,0.24,0.8571428571428571,0.8571428571428571,0.8571428571428571,300,13,0.8645833333333334,96,3
clef,evidence,0.25,0.8571428571428571,0.8571428571428571,0.8571428571428571,300,13,0.8645833333333334,96,3
clef,evidence,0.26,0.8571428571428571,0.8571428571428571,0.8571428571428571,300,13,0.8645833333333334,96,3
clef,evidence,0.27,0.8791208791208791,0.8791208791208791,0.8791208791208791,270,11,0.8854166666666666,96,2.7
clef,evidence,0.28,0.8791208791208791,0.8791208791208791,0.8791208791208791,270,11,0.8854166666666666,96,2.7
clef,evidence,0.29,0.9010989010989011,0.9010989010989011,0.9010989010989011,250,9,0.90625,96,2.5
clef,evidence,0.3,0.9010989010989011,0.9010989010989011,0.9010989010989011,250,9,0.90625,96,2.5
clef,evidence,0.31,0.9010989010989011,0.9010989010989011,0.9010989010989011,250,9,0.90625,96,2.5
clef,evidence,0.32,0.9120879120879121,0.9120879120879121,0.9120879120879121,240,8,0.9166666666666666,96,2.4
clef,evidence,0.33,0.945054945054945,0.945054945054945,0.945054945054945,180,5,0.9479166666666666,96,1.8
clef,evidence,0.34,0.945054945054945,0.945054945054945,0.945054945054945,180,5,0.9479166666666666,96,1.8
clef,evidence,0.35,0.945054945054945,0.945054945054945,0.945054945054945,180,5,0.9479166666666666,96,1.8
clef,evidence,0.36,0.945054945054945,0.945054945054945,0.945054945054945,180,5,0.9479166666666666,96,1.8
clef,evidence,0.37,0.945054945054945,0.945054945054945,0.945054945054945,180,5,0.9479166666666666,96,1.8
clef,evidence,0.38,0.9560439560439561,0.9560439560439561,0.9560439560439561,160,4,0.9583333333333334,96,1.6
clef,evidence,0.39,0.978021978021978,0.978021978021978,0.978021978021978,140,2,0.9791666666666666,96,1.4
clef,evidence,0.4,0.8651685393258427,0.8461538461538461,0.8555555555555555,870,14,0.8541666666666666,96,8.7
clef,evidence,0.41,0.8837209302325582,0.8351648351648352,0.8587570621468926,730,15,0.84375,96,7.3
clef,evidence,0.42,0.8837209302325582,0.8351648351648352,0.8587570621468926,730,15,0.84375,96,7.3
clef,evidence,0.43,0.8837209302325582,0.8351648351648352,0.8587570621468926,730,15,0.84375,96,7.3
clef,evidence,0.44,0.8837209302325582,0.8351648351648352,0.8587570621468926,730,15,0.84375,96,7.3
clef,evidence,0.45,0.8837209302325582,0.8351648351648352,0.8587570621468926,730,15,0.84375,96,7.3
clef,evidence,0.46,0.8837209302325582,0.8351648351648352,0.8587570621468926,730,15,0.84375,96,7.3
clef,evidence,0.47,0.8837209302325582,0.8351648351648352,0.8587570621468926,730,15,0.84375,96,7.3
clef,evidence,0.48,0.8837209302325582,0.8351648351648352,0.8587570621468926,730,15,0.84375,96,7.3
clef,evidence,0.49,0.8837209302325582,0.8351648351648352,0.8587570621468926,730,15,0.84375,96,7.3
clef,evidence,0.5,0.8837209302325582,0.8351648351648352,0.8587570621468926,730,15,0.84375,96,7.3
clef,evidence,0.51,0.8837209302325582,0.8351648351648352,0.8587570621468926,730,15,0.84375,96,7.3
clef,evidence,0.52,0.8837209302325582,0.8351648351648352,0.8587570621468926,730,15,0.84375,96,7.3
clef,evidence,0.53,0.8837209302325582,0.8351648351648352,0.8587570621468926,730,15,0.84375,96,7.3
clef,evidence,0.54,0.8604651162790697,0.8131868131868132,0.8361581920903954,900,17,0.8229166666666666,96,9
clef,evidence,0.55,0.8571428571428571,0.7912087912087912,0.8228571428571428,900,19,0.8020833333333334,96,9
clef,evidence,0.56,0.8571428571428571,0.7912087912087912,0.8228571428571428,900,19,0.8020833333333334,96,9
clef,evidence,0.57,0.8780487804878049,0.7912087912087912,0.8323699421965318,760,19,0.8020833333333334,96,7.6
clef,evidence,0.58,0.875,0.7692307692307693,0.8187134502923976,760,21,0.78125,96,7.6
clef,evidence,0.59,0.8461538461538461,0.7252747252747253,0.7810650887573964,860,25,0.7395833333333334,96,8.6
clef,evidence,0.6,0.7948717948717948,0.6813186813186813,0.7337278106508875,1170,29,0.6979166666666666,96,11.7
clef,batch,0.05,0.8936170212765957,0.9230769230769231,0.9081081081081082,285,7,0.8958333333333334,96,2.85
clef,batch,0.06,0.9032258064516129,0.9230769230769231,0.9130434782608695,255,7,0.90625,96,2.55
clef,batch,0.07,0.9130434782608695,0.9230769230769231,0.9180327868852459,215,7,0.9166666666666666,96,2.15
clef,batch,0.08,0.9130434782608695,0.9230769230769231,0.9180327868852459,215,7,0.9166666666666666,96,2.15
clef,batch,0.09,0.9130434782608695,0.9230769230769231,0.9180327868852459,215,7,0.9166666666666666,96,2.15
clef,batch,0.1,0.9130434782608695,0.9230769230769231,0.9180327868852459,215,7,0.9166666666666666,96,2.15
clef,batch,0.11,0.9130434782608695,0.9230769230769231,0.9180327868852459,215,7,0.9166666666666666,96,2.15
clef,batch,0.12,0.9130434782608695,0.9230769230769231,0.9180327868852459,215,7,0.9166666666666666,96,2.15
clef,batch,0.13,0.9130434782608695,0.9230769230769231,0.9180327868852459,215,7,0.9166666666666666,96,2.15
clef,batch,0.14,0.9130434782608695,0.9230769230769231,0.9180327868852459,215,7,0.9166666666666666,96,2.15
clef,batch,0.15,0.9130434782608695,0.9230769230769231,0.9180327868852459,215,7,0.9166666666666666,96,2.15
clef,batch,0.16,0.9130434782608695,0.9230769230769231,0.9180327868852459,215,7,0.9166666666666666,96,2.15
clef,batch,0.17,0.9130434782608695,0.9230769230769231,0.9180327868852459,215,7,0.9166666666666666,96,2.15
clef,batch,0.18,0.9130434782608695,0.9230769230769231,0.9180327868852459,215,7,0.9166666666666666,96,2.15
clef,batch,0.19,0.9130434782608695,0.9230769230769231,0.9180327868852459,215,7,0.9166666666666666,96,2.15
clef,batch,0.2,0.9130434782608695,0.9230769230769231,0.9180327868852459,215,7,0.9166666666666666,96,2.15
clef,batch,0.21,0.9130434782608695,0.9230769230769231,0.9180327868852459,215,7,0.9166666666666666,96,2.15
clef,batch,0.22,0.9130434782608695,0.9230769230769231,0.9180327868852459,215,7,0.9166666666666666,96,2.15
clef,batch,0.23,0.9130434782608695,0.9230769230769231,0.9180327868852459,215,7,0.9166666666666666,96,2.15
clef,batch,0.24,0.9130434782608695,0.9230769230769231,0.9180327868852459,215,7,0.9166666666666666,96,2.15
clef,batch,0.25,0.9130434782608695,0.9230769230769231,0.9180327868852459,215,7,0.9166666666666666,96,2.15
clef,batch,0.26,0.9130434782608695,0.9230769230769231,0.9180327868852459,215,7,0.9166666666666666,96,2.15
clef,batch,0.27,0.9239130434782609,0.9340659340659341,0.9289617486338798,195,6,0.9270833333333334,96,1.95
clef,batch,0.28,0.9239130434782609,0.9340659340659341,0.9289617486338798,230,6,0.9270833333333334,96,2.3
clef,batch,0.29,0.9347826086956522,0.945054945054945,0.9398907103825137,210,5,0.9375,96,2.1
clef,batch,0.3,0.9347826086956522,0.945054945054945,0.9398907103825137,210,5,0.9375,96,2.1
clef,batch,0.31,0.9347826086956522,0.945054945054945,0.9398907103825137,210,5,0.9375,96,2.1
clef,batch,0.32,0.9347826086956522,0.945054945054945,0.9398907103825137,210,5,0.9375,96,2.1
clef,batch,0.33,0.9347826086956522,0.945054945054945,0.9398907103825137,210,5,0.9375,96,2.1
clef,batch,0.34,0.9347826086956522,0.945054945054945,0.9398907103825137,210,5,0.9375,96,2.1
clef,batch,0.35,0.9347826086956522,0.945054945054945,0.9398907103825137,210,5,0.9375,96,2.1
clef,batch,0.36,0.9347826086956522,0.945054945054945,0.9398907103825137,210,5,0.9375,96,2.1
clef,batch,0.37,0.9347826086956522,0.945054945054945,0.9398907103825137,210,5,0.9375,96,2.1
clef,batch,0.38,0.9347826086956522,0.945054945054945,0.9398907103825137,210,5,0.9375,96,2.1
clef,batch,0.39,0.9347826086956522,0.945054945054945,0.9398907103825137,210,5,0.9375,96,2.1
clef,batch,0.4,0.9347826086956522,0.945054945054945,0.9398907103825137,210,5,0.9375,96,2.1
clef,batch,0.41,0.9456521739130435,0.9560439560439561,0.9508196721311475,195,4,0.9479166666666666,96,1.95
clef,batch,0.42,0.9456521739130435,0.9560439560439561,0.9508196721311475,195,4,0.9479166666666666,96,1.95
clef,batch,0.43,0.9456521739130435,0.9560439560439561,0.9508196721311475,195,4,0.9479166666666666,96,1.95
clef,batch,0.44,0.9456521739130435,0.9560439560439561,0.9508196721311475,195,4,0.9479166666666666,96,1.95
clef,batch,0.45,0.9456521739130435,0.9560439560439561,0.9508196721311475,195,4,0.9479166666666666,96,1.95
clef,batch,0.46,0.9347826086956522,0.945054945054945,0.9398907103825137,265,5,0.9375,96,2.65
clef,batch,0.47,0.9239130434782609,0.9340659340659341,0.9289617486338798,335,6,0.9270833333333334,96,3.35
clef,batch,0.48,0.9239130434782609,0.9340659340659341,0.9289617486338798,335,6,0.9270833333333334,96,3.35
clef,batch,0.49,0.9239130434782609,0.9340659340659341,0.9289617486338798,335,6,0.9270833333333334,96,3.35
clef,batch,0.5,0.9130434782608695,0.9230769230769231,0.9180327868852459,405,7,0.9166666666666666,96,4.05
clef,batch,0.51,0.9130434782608695,0.9230769230769231,0.9180327868852459,405,7,0.9166666666666666,96,4.05
clef,batch,0.52,0.9130434782608695,0.9230769230769231,0.9180327868852459,405,7,0.9166666666666666,96,4.05
clef,batch,0.53,0.9021739130434783,0.9120879120879121,0.907103825136612,490,8,0.90625,96,4.9
clef,batch,0.54,0.9120879120879121,0.9120879120879121,0.9120879120879121,470,8,0.90625,96,4.7
clef,batch,0.55,0.9120879120879121,0.9120879120879121,0.9120879120879121,470,8,0.90625,96,4.7
clef,batch,0.56,0.9101123595505618,0.8901098901098901,0.9,485,10,0.8958333333333334,96,4.85
clef,batch,0.57,0.9213483146067416,0.9010989010989011,0.9111111111111111,460,9,0.90625,96,4.6
clef,batch,0.58,0.9101123595505618,0.8901098901098901,0.9,545,10,0.8958333333333334,96,5.45
clef,batch,0.59,0.9101123595505618,0.8901098901098901,0.9,545,10,0.8958333333333334,96,5.45
clef,batch,0.6,0.8764044943820225,0.8571428571428571,0.8666666666666667,770,13,0.8645833333333334,96,7.7
clef,batch-evidence,0.05,0.9347826086956522,0.945054945054945,0.9398907103825137,185,5,0.9375,96,1.85
clef,batch-evidence,0.06,0.9347826086956522,0.945054945054945,0.9398907103825137,185,5,0.9375,96,1.85
clef,batch-evidence,0.07,0.9347826086956522,0.945054945054945,0.9398907103825137,185,5,0.9375,96,1.85
clef,batch-evidence,0.08,0.9347826086956522,0.945054945054945,0.9398907103825137,185,5,0.9375,96,1.85
clef,batch-evidence,0.09,0.9347826086956522,0.945054945054945,0.9398907103825137,185,5,0.9375,96,1.85
clef,batch-evidence,0.1,0.9347826086956522,0.945054945054945,0.9398907103825137,185,5,0.9375,96,1.85
clef,batch-evidence,0.11,0.9347826086956522,0.945054945054945,0.9398907103825137,185,5,0.9375,96,1.85
clef,batch-evidence,0.12,0.9347826086956522,0.945054945054945,0.9398907103825137,185,5,0.9375,96,1.85
clef,batch-evidence,0.13,0.9347826086956522,0.945054945054945,0.9398907103825137,185,5,0.9375,96,1.85
clef,batch-evidence,0.14,0.9347826086956522,0.945054945054945,0.9398907103825137,185,5,0.9375,96,1.85
clef,batch-evidence,0.15,0.945054945054945,0.945054945054945,0.945054945054945,160,5,0.9479166666666666,96,1.6
clef,batch-evidence,0.16,0.945054945054945,0.945054945054945,0.945054945054945,160,5,0.9479166666666666,96,1.6
clef,batch-evidence,0.17,0.945054945054945,0.945054945054945,0.945054945054945,160,5,0.9479166666666666,96,1.6
clef,batch-evidence,0.18,0.945054945054945,0.945054945054945,0.945054945054945,160,5,0.9479166666666666,96,1.6
clef,batch-evidence,0.19,0.945054945054945,0.945054945054945,0.945054945054945,160,5,0.9479166666666666,96,1.6
clef,batch-evidence,0.2,0.945054945054945,0.945054945054945,0.945054945054945,160,5,0.9479166666666666,96,1.6
clef,batch-evidence,0.21,0.945054945054945,0.945054945054945,0.945054945054945,160,5,0.9479166666666666,96,1.6
clef,batch-evidence,0.22,0.945054945054945,0.945054945054945,0.945054945054945,160,5,0.9479166666666666,96,1.6
clef,batch-evidence,0.23,0.945054945054945,0.945054945054945,0.945054945054945,160,5,0.9479166666666666,96,1.6
clef,batch-evidence,0.24,0.945054945054945,0.945054945054945,0.945054945054945,160,5,0.9479166666666666,96,1.6
clef,batch-evidence,0.25,0.945054945054945,0.945054945054945,0.945054945054945,160,5,0.9479166666666666,96,1.6
clef,batch-evidence,0.26,0.945054945054945,0.945054945054945,0.945054945054945,160,5,0.9479166666666666,96,1.6
clef,batch-evidence,0.27,0.945054945054945,0.945054945054945,0.945054945054945,160,5,0.9479166666666666,96,1.6
clef,batch-evidence,0.28,0.945054945054945,0.945054945054945,0.945054945054945,160,5,0.9479166666666666,96,1.6
clef,batch-evidence,0.29,0.945054945054945,0.945054945054945,0.945054945054945,160,5,0.9479166666666666,96,1.6
clef,batch-evidence,0.3,0.945054945054945,0.945054945054945,0.945054945054945,160,5,0.9479166666666666,96,1.6
clef,batch-evidence,0.31,0.945054945054945,0.945054945054945,0.945054945054945,160,5,0.9479166666666666,96,1.6
clef,batch-evidence,0.32,0.945054945054945,0.945054945054945,0.945054945054945,160,5,0.9479166666666666,96,1.6
clef,batch-evidence,0.33,0.945054945054945,0.945054945054945,0.945054945054945,160,5,0.9479166666666666,96,1.6
clef,batch-evidence,0.34,0.945054945054945,0.945054945054945,0.945054945054945,160,5,0.9479166666666666,96,1.6
clef,batch-evidence,0.35,0.945054945054945,0.945054945054945,0.945054945054945,160,5,0.9479166666666666,96,1.6
clef,batch-evidence,0.36,0.945054945054945,0.945054945054945,0.945054945054945,160,5,0.9479166666666666,96,1.6
clef,batch-evidence,0.37,0.945054945054945,0.945054945054945,0.945054945054945,160,5,0.9479166666666666,96,1.6
clef,batch-evidence,0.38,0.9560439560439561,0.9560439560439561,0.9560439560439561,135,4,0.9583333333333334,96,1.35
clef,batch-evidence,0.39,0.9560439560439561,0.9560439560439561,0.9560439560439561,135,4,0.9583333333333334,96,1.35
clef,batch-evidence,0.4,0.967032967032967,0.967032967032967,0.967032967032967,115,3,0.96875,96,1.15
clef,batch-evidence,0.41,0.967032967032967,0.967032967032967,0.967032967032967,115,3,0.96875,96,1.15
clef,batch-evidence,0.42,0.967032967032967,0.967032967032967,0.967032967032967,115,3,0.96875,96,1.15
clef,batch-evidence,0.43,0.967032967032967,0.967032967032967,0.967032967032967,115,3,0.96875,96,1.15
clef,batch-evidence,0.44,0.967032967032967,0.967032967032967,0.967032967032967,115,3,0.96875,96,1.15
clef,batch-evidence,0.45,0.967032967032967,0.967032967032967,0.967032967032967,115,3,0.96875,96,1.15
clef,batch-evidence,0.46,0.967032967032967,0.967032967032967,0.967032967032967,115,3,0.96875,96,1.15
clef,batch-evidence,0.47,0.967032967032967,0.967032967032967,0.967032967032967,115,3,0.96875,96,1.15
clef,batch-evidence,0.48,0.967032967032967,0.967032967032967,0.967032967032967,160,3,0.96875,96,1.6
clef,batch-evidence,0.49,0.967032967032967,0.967032967032967,0.967032967032967,160,3,0.96875,96,1.6
clef,batch-evidence,0.5,0.967032967032967,0.967032967032967,0.967032967032967,160,3,0.96875,96,1.6
clef,batch-evidence,0.51,0.967032967032967,0.967032967032967,0.967032967032967,160,3,0.96875,96,1.6
clef,batch-evidence,0.52,0.9560439560439561,0.9560439560439561,0.9560439560439561,230,4,0.9583333333333334,96,2.3
clef,batch-evidence,0.53,0.967032967032967,0.967032967032967,0.967032967032967,210,3,0.96875,96,2.1
clef,batch-evidence,0.54,0.9560439560439561,0.9560439560439561,0.9560439560439561,295,4,0.9583333333333334,96,2.95
clef,batch-evidence,0.55,0.945054945054945,0.945054945054945,0.945054945054945,365,5,0.9479166666666666,96,3.65
clef,batch-evidence,0.56,0.9340659340659341,0.9340659340659341,0.9340659340659341,435,6,0.9375,96,4.35
clef,batch-evidence,0.57,0.9230769230769231,0.9230769230769231,0.9230769230769231,520,7,0.9270833333333334,96,5.2
clef,batch-evidence,0.58,0.9230769230769231,0.9230769230769231,0.9230769230769231,520,7,0.9270833333333334,96,5.2
clef,batch-evidence,0.59,0.9010989010989011,0.9010989010989011,0.9010989010989011,660,9,0.90625,96,6.6
clef,batch-evidence,0.6,0.8888888888888888,0.8791208791208791,0.8839779005524862,730,11,0.8854166666666666,96,7.3
luna,baseline,0.05,0.776595744680851,0.8021978021978022,0.7891891891891892,520,18,0.78125,96,5.2
luna,baseline,0.06,0.776595744680851,0.8021978021978022,0.7891891891891892,520,18,0.78125,96,5.2
luna,baseline,0.07,0.776595744680851,0.8021978021978022,0.7891891891891892,520,18,0.78125,96,5.2
luna,baseline,0.08,0.776595744680851,0.8021978021978022,0.7891891891891892,520,18,0.78125,96,5.2
luna,baseline,0.09,0.776595744680851,0.8021978021978022,0.7891891891891892,520,18,0.78125,96,5.2
luna,baseline,0.1,0.776595744680851,0.8021978021978022,0.7891891891891892,520,18,0.78125,96,5.2
luna,baseline,0.11,0.776595744680851,0.8021978021978022,0.7891891891891892,520,18,0.78125,96,5.2
luna,baseline,0.12,0.776595744680851,0.8021978021978022,0.7891891891891892,520,18,0.78125,96,5.2
luna,baseline,0.13,0.776595744680851,0.8021978021978022,0.7891891891891892,520,18,0.78125,96,5.2
luna,baseline,0.14,0.776595744680851,0.8021978021978022,0.7891891891891892,520,18,0.78125,96,5.2
luna,baseline,0.15,0.7872340425531915,0.8131868131868132,0.8,505,17,0.7916666666666666,96,5.05
luna,baseline,0.16,0.7872340425531915,0.8131868131868132,0.8,505,17,0.7916666666666666,96,5.05
luna,baseline,0.17,0.7872340425531915,0.8131868131868132,0.8,530,17,0.7916666666666666,96,5.3
luna,baseline,0.18,0.7872340425531915,0.8131868131868132,0.8,530,17,0.7916666666666666,96,5.3
luna,baseline,0.19,0.8191489361702128,0.8461538461538461,0.8324324324324325,485,14,0.8229166666666666,96,4.85
luna,baseline,0.2,0.8297872340425532,0.8571428571428571,0.8432432432432433,490,13,0.8333333333333334,96,4.9
luna,baseline,0.21,0.8387096774193549,0.8571428571428571,0.8478260869565217,465,13,0.84375,96,4.65
luna,baseline,0.22,0.8478260869565217,0.8571428571428571,0.8524590163934426,405,13,0.8541666666666666,96,4.05
luna,baseline,0.23,0.8478260869565217,0.8571428571428571,0.8524590163934426,405,13,0.8541666666666666,96,4.05
luna,baseline,0.24,0.8478260869565217,0.8571428571428571,0.8524590163934426,405,13,0.8541666666666666,96,4.05
luna,baseline,0.25,0.8586956521739131,0.8681318681318682,0.8633879781420765,385,12,0.8645833333333334,96,3.85
luna,baseline,0.26,0.8586956521739131,0.8681318681318682,0.8633879781420765,385,12,0.8645833333333334,96,3.85
luna,baseline,0.27,0.8695652173913043,0.8791208791208791,0.8743169398907104,365,11,0.875,96,3.65
luna,baseline,0.28,0.8695652173913043,0.8791208791208791,0.8743169398907104,400,11,0.875,96,4
luna,baseline,0.29,0.8804347826086957,0.8901098901098901,0.8852459016393442,380,10,0.8854166666666666,96,3.8
luna,baseline,0.3,0.8804347826086957,0.8901098901098901,0.8852459016393442,380,10,0.8854166666666666,96,3.8
luna,baseline,0.31,0.8804347826086957,0.8901098901098901,0.8852459016393442,380,10,0.8854166666666666,96,3.8
luna,baseline,0.32,0.8804347826086957,0.8901098901098901,0.8852459016393442,425,10,0.8854166666666666,96,4.25
luna,baseline,0.33,0.8804347826086957,0.8901098901098901,0.8852459016393442,425,10,0.8854166666666666,96,4.25
luna,baseline,0.34,0.8913043478260869,0.9010989010989011,0.8961748633879781,405,9,0.8958333333333334,96,4.05
luna,baseline,0.35,0.9021739130434783,0.9120879120879121,0.907103825136612,385,8,0.90625,96,3.85
luna,baseline,0.36,0.9021739130434783,0.9120879120879121,0.907103825136612,385,8,0.90625,96,3.85
luna,baseline,0.37,0.9021739130434783,0.9120879120879121,0.907103825136612,385,8,0.90625,96,3.85
luna,baseline,0.38,0.9021739130434783,0.9120879120879121,0.907103825136612,385,8,0.90625,96,3.85
luna,baseline,0.39,0.8804347826086957,0.8901098901098901,0.8852459016393442,555,10,0.8854166666666666,96,5.55
luna,baseline,0.4,0.8804347826086957,0.8901098901098901,0.8852459016393442,555,10,0.8854166666666666,96,5.55
luna,baseline,0.41,0.8804347826086957,0.8901098901098901,0.8852459016393442,555,10,0.8854166666666666,96,5.55
luna,baseline,0.42,0.8586956521739131,0.8681318681318682,0.8633879781420765,725,12,0.8645833333333334,96,7.25
luna,baseline,0.43,0.8478260869565217,0.8571428571428571,0.8524590163934426,885,13,0.8541666666666666,96,8.85
luna,baseline,0.44,0.8260869565217391,0.8351648351648352,0.8306010928961749,1025,15,0.8333333333333334,96,10.25
luna,baseline,0.45,0.8260869565217391,0.8351648351648352,0.8306010928961749,1025,15,0.8333333333333334,96,10.25
luna,baseline,0.46,0.782608695652174,0.7912087912087912,0.7868852459016393,1245,19,0.7916666666666666,96,12.45
luna,baseline,0.47,0.782608695652174,0.7912087912087912,0.7868852459016393,1245,19,0.7916666666666666,96,12.45
luna,baseline,0.48,0.7608695652173914,0.7692307692307693,0.7650273224043715,1385,21,0.7708333333333334,96,13.85
luna,baseline,0.49,0.7608695652173914,0.7692307692307693,0.7650273224043715,1385,21,0.7708333333333334,96,13.85
luna,baseline,0.5,0.7608695652173914,0.7692307692307693,0.7650273224043715,1385,21,0.7708333333333334,96,13.85
luna,baseline,0.51,0.7391304347826086,0.7472527472527473,0.7431693989071039,1525,23,0.75,96,15.25
luna,baseline,0.52,0.7391304347826086,0.7472527472527473,0.7431693989071039,1525,23,0.75,96,15.25
luna,baseline,0.53,0.7391304347826086,0.7472527472527473,0.7431693989071039,1525,23,0.75,96,15.25
luna,baseline,0.54,0.7303370786516854,0.7142857142857143,0.7222222222222222,1485,26,0.71875,96,14.85
luna,baseline,0.55,0.7078651685393258,0.6923076923076923,0.7,1625,28,0.6979166666666666,96,16.25
luna,baseline,0.56,0.675,0.5934065934065934,0.631578947368421,1700,37,0.6145833333333334,96,17
luna,baseline,0.57,0.6216216216216216,0.5054945054945055,0.5575757575757576,1860,45,0.53125,96,18.6
luna,baseline,0.58,0.6451612903225806,0.43956043956043955,0.5228758169934641,1410,51,0.46875,96,14.1
luna,baseline,0.59,0.6818181818181818,0.32967032967032966,0.4444444444444444,880,61,0.3645833333333333,96,8.8
luna,baseline,0.6,0.375,0.06593406593406594,0.11214953271028037,790,85,0.11458333333333333,96,7.9
luna,evidence,0.05,0.9230769230769231,0.9230769230769231,0.9230769230769231,130,7,0.90625,96,1.3
luna,evidence,0.06,0.9230769230769231,0.9230769230769231,0.9230769230769231,130,7,0.90625,96,1.3
luna,evidence,0.07,0.9230769230769231,0.9230769230769231,0.9230769230769231,130,7,0.90625,96,1.3
luna,evidence,0.08,0.9230769230769231,0.9230769230769231,0.9230769230769231,135,7,0.90625,96,1.35
luna,evidence,0.09,0.9333333333333333,0.9230769230769231,0.9281767955801105,150,7,0.9166666666666666,96,1.5
luna,evidence,0.1,0.9438202247191011,0.9230769230769231,0.9333333333333333,90,7,0.9270833333333334,96,0.9
luna,evidence,0.11,0.9438202247191011,0.9230769230769231,0.9333333333333333,90,7,0.9270833333333334,96,0.9
luna,evidence,0.12,0.9438202247191011,0.9230769230769231,0.9333333333333333,90,7,0.9270833333333334,96,0.9
luna,evidence,0.13,0.9438202247191011,0.9230769230769231,0.9333333333333333,90,7,0.9270833333333334,96,0.9
luna,evidence,0.14,0.9438202247191011,0.9230769230769231,0.9333333333333333,90,7,0.9270833333333334,96,0.9
luna,evidence,0.15,0.9438202247191011,0.9230769230769231,0.9333333333333333,90,7,0.9270833333333334,96,0.9
luna,evidence,0.16,0.9550561797752809,0.9340659340659341,0.9444444444444444,75,6,0.9375,96,0.75
luna,evidence,0.17,0.9550561797752809,0.9340659340659341,0.9444444444444444,75,6,0.9375,96,0.75
luna,evidence,0.18,0.9550561797752809,0.9340659340659341,0.9444444444444444,75,6,0.9375,96,0.75
luna,evidence,0.19,0.9550561797752809,0.9340659340659341,0.9444444444444444,75,6,0.9375,96,0.75
luna,evidence,0.2,0.9550561797752809,0.9340659340659341,0.9444444444444444,75,6,0.9375,96,0.75
luna,evidence,0.21,0.9550561797752809,0.9340659340659341,0.9444444444444444,75,6,0.9375,96,0.75
luna,evidence,0.22,0.9550561797752809,0.9340659340659341,0.9444444444444444,75,6,0.9375,96,0.75
luna,evidence,0.23,0.9775280898876404,0.9560439560439561,0.9666666666666667,35,4,0.9583333333333334,96,0.35
luna,evidence,0.24,1,0.978021978021978,0.9888888888888889,0,2,0.9791666666666666,96,0
luna,evidence,0.25,1,0.978021978021978,0.9888888888888889,0,2,0.9791666666666666,96,0
luna,evidence,0.26,0.9545454545454546,0.9230769230769231,0.9385474860335196,340,7,0.9270833333333334,96,3.4
luna,evidence,0.27,0.9545454545454546,0.9230769230769231,0.9385474860335196,340,7,0.9270833333333334,96,3.4
luna,evidence,0.28,0.9545454545454546,0.9230769230769231,0.9385474860335196,340,7,0.9270833333333334,96,3.4
luna,evidence,0.29,0.9767441860465116,0.9230769230769231,0.9491525423728814,170,7,0.9270833333333334,96,1.7
luna,evidence,0.3,0.9069767441860465,0.8571428571428571,0.8813559322033898,650,13,0.8645833333333334,96,6.5
luna,evidence,0.31,0.9069767441860465,0.8571428571428571,0.8813559322033898,650,13,0.8645833333333334,96,6.5
luna,evidence,0.32,0.9069767441860465,0.8571428571428571,0.8813559322033898,650,13,0.8645833333333334,96,6.5
luna,evidence,0.33,0.9069767441860465,0.8571428571428571,0.8813559322033898,650,13,0.8645833333333334,96,6.5
luna,evidence,0.34,0.9069767441860465,0.8571428571428571,0.8813559322033898,650,13,0.8645833333333334,96,6.5
luna,evidence,0.35,0.9069767441860465,0.8571428571428571,0.8813559322033898,650,13,0.8645833333333334,96,6.5
luna,evidence,0.36,0.9069767441860465,0.8571428571428571,0.8813559322033898,650,13,0.8645833333333334,96,6.5
luna,evidence,0.37,0.9069767441860465,0.8571428571428571,0.8813559322033898,650,13,0.8645833333333334,96,6.5
luna,evidence,0.38,0.9069767441860465,0.8571428571428571,0.8813559322033898,650,13,0.8645833333333334,96,6.5
luna,evidence,0.39,0.9069767441860465,0.8571428571428571,0.8813559322033898,650,13,0.8645833333333334,96,6.5
luna,evidence,0.4,0.9047619047619048,0.8351648351648352,0.8685714285714285,650,15,0.84375,96,6.5
luna,evidence,0.41,0.9047619047619048,0.8351648351648352,0.8685714285714285,650,15,0.84375,96,6.5
luna,evidence,0.42,0.9047619047619048,0.8351648351648352,0.8685714285714285,650,15,0.84375,96,6.5
luna,evidence,0.43,0.9024390243902439,0.8131868131868132,0.8554913294797688,650,17,0.8229166666666666,96,6.5
luna,evidence,0.44,0.9024390243902439,0.8131868131868132,0.8554913294797688,650,17,0.8229166666666666,96,6.5
luna,evidence,0.45,0.9024390243902439,0.8131868131868132,0.8554913294797688,650,17,0.8229166666666666,96,6.5
luna,evidence,0.46,0.8780487804878049,0.7912087912087912,0.8323699421965318,820,19,0.8020833333333334,96,8.2
luna,evidence,0.47,0.8780487804878049,0.7912087912087912,0.8323699421965318,820,19,0.8020833333333334,96,8.2
luna,evidence,0.48,0.8536585365853658,0.7692307692307693,0.8092485549132948,920,21,0.78125,96,9.2
luna,evidence,0.49,0.8536585365853658,0.7692307692307693,0.8092485549132948,920,21,0.78125,96,9.2
luna,evidence,0.5,0.8536585365853658,0.7692307692307693,0.8092485549132948,920,21,0.78125,96,9.2
luna,evidence,0.51,0.875,0.7692307692307693,0.8187134502923976,750,21,0.78125,96,7.5
luna,evidence,0.52,0.8421052631578947,0.7032967032967034,0.7664670658682635,820,27,0.71875,96,8.2
luna,evidence,0.53,0.8309859154929577,0.6483516483516484,0.7283950617283951,810,32,0.6666666666666666,96,8.1
luna,evidence,0.54,0.8,0.6153846153846154,0.6956521739130435,950,35,0.6354166666666666,96,9.5
luna,evidence,0.55,0.7647058823529411,0.5714285714285714,0.6540880503144654,1070,39,0.59375,96,10.7
luna,evidence,0.56,0.7333333333333333,0.4835164835164835,0.5827814569536424,1040,47,0.5104166666666666,96,10.4
luna,evidence,0.57,0.64,0.3516483516483517,0.45390070921985815,1160,59,0.3854166666666667,96,11.6
luna,evidence,0.58,0.7333333333333333,0.24175824175824176,0.36363636363636365,540,69,0.28125,96,5.4
luna,evidence,0.59,0.75,0.06593406593406594,0.12121212121212122,120,85,0.11458333333333333,96,1.2
luna,evidence,0.6,1,0.04395604395604396,0.08421052631578947,0,87,0.09375,96,0
luna,batch,0.05,0.851063829787234,0.8791208791208791,0.8648648648648649,350,11,0.8541666666666666,96,3.5
luna,batch,0.06,0.8602150537634409,0.8791208791208791,0.8695652173913043,325,11,0.8645833333333334,96,3.25
luna,batch,0.07,0.8602150537634409,0.8791208791208791,0.8695652173913043,325,11,0.8645833333333334,96,3.25
luna,batch,0.08,0.8602150537634409,0.8791208791208791,0.8695652173913043,325,11,0.8645833333333334,96,3.25
luna,batch,0.09,0.8602150537634409,0.8791208791208791,0.8695652173913043,325,11,0.8645833333333334,96,3.25
luna,batch,0.1,0.8602150537634409,0.8791208791208791,0.8695652173913043,325,11,0.8645833333333334,96,3.25
luna,batch,0.11,0.8602150537634409,0.8791208791208791,0.8695652173913043,325,11,0.8645833333333334,96,3.25
luna,batch,0.12,0.8602150537634409,0.8791208791208791,0.8695652173913043,325,11,0.8645833333333334,96,3.25
luna,batch,0.13,0.8602150537634409,0.8791208791208791,0.8695652173913043,325,11,0.8645833333333334,96,3.25
luna,batch,0.14,0.8602150537634409,0.8791208791208791,0.8695652173913043,325,11,0.8645833333333334,96,3.25
luna,batch,0.15,0.8602150537634409,0.8791208791208791,0.8695652173913043,325,11,0.8645833333333334,96,3.25
luna,batch,0.16,0.8602150537634409,0.8791208791208791,0.8695652173913043,325,11,0.8645833333333334,96,3.25
luna,batch,0.17,0.8602150537634409,0.8791208791208791,0.8695652173913043,325,11,0.8645833333333334,96,3.25
luna,batch,0.18,0.8602150537634409,0.8791208791208791,0.8695652173913043,325,11,0.8645833333333334,96,3.25
luna,batch,0.19,0.8602150537634409,0.8791208791208791,0.8695652173913043,325,11,0.8645833333333334,96,3.25
luna,batch,0.2,0.8602150537634409,0.8791208791208791,0.8695652173913043,325,11,0.8645833333333334,96,3.25
luna,batch,0.21,0.8695652173913043,0.8791208791208791,0.8743169398907104,265,11,0.875,96,2.65
luna,batch,0.22,0.8695652173913043,0.8791208791208791,0.8743169398907104,265,11,0.875,96,2.65
luna,batch,0.23,0.8804347826086957,0.8901098901098901,0.8852459016393442,255,10,0.8854166666666666,96,2.55
luna,batch,0.24,0.8804347826086957,0.8901098901098901,0.8852459016393442,255,10,0.8854166666666666,96,2.55
luna,batch,0.25,0.8804347826086957,0.8901098901098901,0.8852459016393442,255,10,0.8854166666666666,96,2.55
luna,batch,0.26,0.8804347826086957,0.8901098901098901,0.8852459016393442,255,10,0.8854166666666666,96,2.55
luna,batch,0.27,0.8804347826086957,0.8901098901098901,0.8852459016393442,255,10,0.8854166666666666,96,2.55
luna,batch,0.28,0.8901098901098901,0.8901098901098901,0.8901098901098901,240,10,0.8854166666666666,96,2.4
luna,batch,0.29,0.8901098901098901,0.8901098901098901,0.8901098901098901,240,10,0.8854166666666666,96,2.4
luna,batch,0.3,0.8901098901098901,0.8901098901098901,0.8901098901098901,240,10,0.8854166666666666,96,2.4
luna,batch,0.31,0.8901098901098901,0.8901098901098901,0.8901098901098901,240,10,0.8854166666666666,96,2.4
luna,batch,0.32,0.8901098901098901,0.8901098901098901,0.8901098901098901,240,10,0.8854166666666666,96,2.4
luna,batch,0.33,0.8901098901098901,0.8901098901098901,0.8901098901098901,240,10,0.8854166666666666,96,2.4
luna,batch,0.34,0.8901098901098901,0.8901098901098901,0.8901098901098901,240,10,0.8854166666666666,96,2.4
luna,batch,0.35,0.8901098901098901,0.8901098901098901,0.8901098901098901,240,10,0.8854166666666666,96,2.4
luna,batch,0.36,0.8901098901098901,0.8901098901098901,0.8901098901098901,240,10,0.8854166666666666,96,2.4
luna,batch,0.37,0.8901098901098901,0.8901098901098901,0.8901098901098901,240,10,0.8854166666666666,96,2.4
luna,batch,0.38,0.8901098901098901,0.8901098901098901,0.8901098901098901,240,10,0.8854166666666666,96,2.4
luna,batch,0.39,0.8901098901098901,0.8901098901098901,0.8901098901098901,240,10,0.8854166666666666,96,2.4
luna,batch,0.4,0.8681318681318682,0.8681318681318682,0.8681318681318682,375,12,0.8645833333333334,96,3.75
luna,batch,0.41,0.8681318681318682,0.8681318681318682,0.8681318681318682,375,12,0.8645833333333334,96,3.75
luna,batch,0.42,0.8461538461538461,0.8461538461538461,0.8461538461538461,495,14,0.84375,96,4.95
luna,batch,0.43,0.8461538461538461,0.8461538461538461,0.8461538461538461,495,14,0.84375,96,4.95
luna,batch,0.44,0.8571428571428571,0.8571428571428571,0.8571428571428571,470,13,0.8541666666666666,96,4.7
luna,batch,0.45,0.8571428571428571,0.8571428571428571,0.8571428571428571,470,13,0.8541666666666666,96,4.7
luna,batch,0.46,0.8571428571428571,0.8571428571428571,0.8571428571428571,470,13,0.8541666666666666,96,4.7
luna,batch,0.47,0.8681318681318682,0.8681318681318682,0.8681318681318682,490,12,0.8645833333333334,96,4.9
luna,batch,0.48,0.8681318681318682,0.8681318681318682,0.8681318681318682,490,12,0.8645833333333334,96,4.9
luna,batch,0.49,0.8791208791208791,0.8791208791208791,0.8791208791208791,475,11,0.875,96,4.75
luna,batch,0.5,0.8791208791208791,0.8791208791208791,0.8791208791208791,505,11,0.875,96,5.05
luna,batch,0.51,0.8901098901098901,0.8901098901098901,0.8901098901098901,525,10,0.8854166666666666,96,5.25
luna,batch,0.52,0.8888888888888888,0.8791208791208791,0.8839779005524862,580,11,0.875,96,5.8
luna,batch,0.53,0.8777777777777778,0.8681318681318682,0.8729281767955801,650,12,0.8645833333333334,96,6.5
luna,batch,0.54,0.8444444444444444,0.8351648351648352,0.8397790055248618,855,15,0.8333333333333334,96,8.55
luna,batch,0.55,0.8181818181818182,0.7912087912087912,0.8044692737430168,1015,19,0.7916666666666666,96,10.15
luna,batch,0.56,0.8095238095238095,0.7472527472527473,0.7771428571428571,1100,23,0.75,96,11
luna,batch,0.57,0.7974683544303798,0.6923076923076923,0.7411764705882353,1100,28,0.6979166666666666,96,11
luna,batch,0.58,0.5735294117647058,0.42857142857142855,0.49056603773584906,2150,52,0.4479166666666667,96,21.5
luna,batch,0.59,0.5686274509803921,0.31868131868131866,0.4084507042253521,1720,62,0.34375,96,17.2
luna,batch,0.6,0.5918367346938775,0.31868131868131866,0.4142857142857143,1595,62,0.3541666666666667,96,15.95
luna,batch-evidence,0.05,1,1,1,0,0,1,96,0
luna,batch-evidence,0.06,1,1,1,0,0,1,96,0
luna,batch-evidence,0.07,1,1,1,0,0,1,96,0
luna,batch-evidence,0.08,1,1,1,0,0,1,96,0
luna,batch-evidence,0.09,1,1,1,0,0,1,96,0
luna,batch-evidence,0.1,1,1,1,0,0,1,96,0
luna,batch-evidence,0.11,1,1,1,0,0,1,96,0
luna,batch-evidence,0.12,1,1,1,0,0,1,96,0
luna,batch-evidence,0.13,1,1,1,0,0,1,96,0
luna,batch-evidence,0.14,1,1,1,0,0,1,96,0
luna,batch-evidence,0.15,1,1,1,0,0,1,96,0
luna,batch-evidence,0.16,1,1,1,0,0,1,96,0
luna,batch-evidence,0.17,1,1,1,0,0,1,96,0
luna,batch-evidence,0.18,1,1,1,0,0,1,96,0
luna,batch-evidence,0.19,1,1,1,0,0,1,96,0
luna,batch-evidence,0.2,1,1,1,0,0,1,96,0
luna,batch-evidence,0.21,1,1,1,0,0,1,96,0
luna,batch-evidence,0.22,1,1,1,0,0,1,96,0
luna,batch-evidence,0.23,1,1,1,0,0,1,96,0
luna,batch-evidence,0.24,1,1,1,0,0,1,96,0
luna,batch-evidence,0.25,1,1,1,0,0,1,96,0
luna,batch-evidence,0.26,1,1,1,0,0,1,96,0
luna,batch-evidence,0.27,1,1,1,0,0,1,96,0
luna,batch-evidence,0.28,1,1,1,0,0,1,96,0
luna,batch-evidence,0.29,1,1,1,0,0,1,96,0
luna,batch-evidence,0.3,1,1,1,0,0,1,96,0
luna,batch-evidence,0.31,1,1,1,0,0,1,96,0
luna,batch-evidence,0.32,1,1,1,0,0,1,96,0
luna,batch-evidence,0.33,1,1,1,0,0,1,96,0
luna,batch-evidence,0.34,1,1,1,0,0,1,96,0
luna,batch-evidence,0.35,1,1,1,0,0,1,96,0
luna,batch-evidence,0.36,1,1,1,0,0,1,96,0
luna,batch-evidence,0.37,1,1,1,0,0,1,96,0
luna,batch-evidence,0.38,1,1,1,0,0,1,96,0
luna,batch-evidence,0.39,0.989010989010989,0.989010989010989,0.989010989010989,85,1,0.9895833333333334,96,0.85
luna,batch-evidence,0.4,0.989010989010989,0.989010989010989,0.989010989010989,85,1,0.9895833333333334,96,0.85
luna,batch-evidence,0.41,0.989010989010989,0.989010989010989,0.989010989010989,85,1,0.9895833333333334,96,0.85
luna,batch-evidence,0.42,0.989010989010989,0.989010989010989,0.989010989010989,85,1,0.9895833333333334,96,0.85
luna,batch-evidence,0.43,0.989010989010989,0.989010989010989,0.989010989010989,85,1,0.9895833333333334,96,0.85
luna,batch-evidence,0.44,0.989010989010989,0.989010989010989,0.989010989010989,85,1,0.9895833333333334,96,0.85
luna,batch-evidence,0.45,0.989010989010989,0.989010989010989,0.989010989010989,85,1,0.9895833333333334,96,0.85
luna,batch-evidence,0.46,0.989010989010989,0.989010989010989,0.989010989010989,85,1,0.9895833333333334,96,0.85
luna,batch-evidence,0.47,0.989010989010989,0.989010989010989,0.989010989010989,85,1,0.9895833333333334,96,0.85
luna,batch-evidence,0.48,0.978021978021978,0.978021978021978,0.978021978021978,155,2,0.9791666666666666,96,1.55
luna,batch-evidence,0.49,0.978021978021978,0.978021978021978,0.978021978021978,155,2,0.9791666666666666,96,1.55
luna,batch-evidence,0.5,0.978021978021978,0.978021978021978,0.978021978021978,155,2,0.9791666666666666,96,1.55
luna,batch-evidence,0.51,0.967032967032967,0.967032967032967,0.967032967032967,225,3,0.96875,96,2.25
luna,batch-evidence,0.52,0.967032967032967,0.967032967032967,0.967032967032967,225,3,0.96875,96,2.25
luna,batch-evidence,0.53,0.9666666666666667,0.9560439560439561,0.9613259668508287,225,4,0.9583333333333334,96,2.25
luna,batch-evidence,0.54,0.9666666666666667,0.9560439560439561,0.9613259668508287,225,4,0.9583333333333334,96,2.25
luna,batch-evidence,0.55,0.9555555555555556,0.945054945054945,0.9502762430939227,285,5,0.9479166666666666,96,2.85
luna,batch-evidence,0.56,0.898876404494382,0.8791208791208791,0.8888888888888888,620,11,0.8854166666666666,96,6.2
luna,batch-evidence,0.57,0.8735632183908046,0.8351648351648352,0.8539325842696629,795,15,0.84375,96,7.95
luna,batch-evidence,0.58,0.8518518518518519,0.7582417582417582,0.8023255813953488,900,22,0.7708333333333334,96,9
luna,batch-evidence,0.59,0.7323943661971831,0.5714285714285714,0.6419753086419753,1455,39,0.59375,96,14.55
luna,batch-evidence,0.6,0.6226415094339622,0.3626373626373626,0.4583333333333333,1580,58,0.3958333333333333,96,15.8
luna,historical,0.05,0.7956989247311828,0.8131868131868132,0.8043478260869565,610,17,0.8020833333333334,96,6.1
luna,historical,0.06,0.7956989247311828,0.8131868131868132,0.8043478260869565,610,17,0.8020833333333334,96,6.1
luna,historical,0.07,0.7956989247311828,0.8131868131868132,0.8043478260869565,610,17,0.8020833333333334,96,6.1
luna,historical,0.08,0.7956989247311828,0.8131868131868132,0.8043478260869565,610,17,0.8020833333333334,96,6.1
luna,historical,0.09,0.7956989247311828,0.8131868131868132,0.8043478260869565,610,17,0.8020833333333334,96,6.1
luna,historical,0.1,0.7956989247311828,0.8131868131868132,0.8043478260869565,610,17,0.8020833333333334,96,6.1
luna,historical,0.11,0.7956989247311828,0.8131868131868132,0.8043478260869565,610,17,0.8020833333333334,96,6.1
luna,historical,0.12,0.7956989247311828,0.8131868131868132,0.8043478260869565,610,17,0.8020833333333334,96,6.1
luna,historical,0.13,0.7956989247311828,0.8131868131868132,0.8043478260869565,610,17,0.8020833333333334,96,6.1
luna,historical,0.14,0.7956989247311828,0.8131868131868132,0.8043478260869565,610,17,0.8020833333333334,96,6.1
luna,historical,0.15,0.8064516129032258,0.8241758241758241,0.8152173913043478,595,16,0.8125,96,5.95
luna,historical,0.16,0.8064516129032258,0.8241758241758241,0.8152173913043478,595,16,0.8125,96,5.95
luna,historical,0.17,0.8064516129032258,0.8241758241758241,0.8152173913043478,620,16,0.8125,96,6.2
luna,historical,0.18,0.8064516129032258,0.8241758241758241,0.8152173913043478,620,16,0.8125,96,6.2
luna,historical,0.19,0.8494623655913979,0.8681318681318682,0.8586956521739131,560,12,0.8541666666666666,96,5.6
luna,historical,0.2,0.8586956521739131,0.8681318681318682,0.8633879781420765,555,12,0.8645833333333334,96,5.55
luna,historical,0.21,0.8586956521739131,0.8681318681318682,0.8633879781420765,555,12,0.8645833333333334,96,5.55
luna,historical,0.22,0.8681318681318682,0.8681318681318682,0.8681318681318682,495,12,0.875,96,4.95
luna,historical,0.23,0.8681318681318682,0.8681318681318682,0.8681318681318682,495,12,0.875,96,4.95
luna,historical,0.24,0.8681318681318682,0.8681318681318682,0.8681318681318682,495,12,0.875,96,4.95
luna,historical,0.25,0.8791208791208791,0.8791208791208791,0.8791208791208791,475,11,0.8854166666666666,96,4.75
luna,historical,0.26,0.8791208791208791,0.8791208791208791,0.8791208791208791,475,11,0.8854166666666666,96,4.75
luna,historical,0.27,0.8901098901098901,0.8901098901098901,0.8901098901098901,455,10,0.8958333333333334,96,4.55
luna,historical,0.28,0.8901098901098901,0.8901098901098901,0.8901098901098901,455,10,0.8958333333333334,96,4.55
luna,historical,0.29,0.9010989010989011,0.9010989010989011,0.9010989010989011,435,9,0.90625,96,4.35
luna,historical,0.3,0.9010989010989011,0.9010989010989011,0.9010989010989011,435,9,0.90625,96,4.35
luna,historical,0.31,0.9010989010989011,0.9010989010989011,0.9010989010989011,480,9,0.90625,96,4.8
luna,historical,0.32,0.9120879120879121,0.9120879120879121,0.9120879120879121,460,8,0.9166666666666666,96,4.6
luna,historical,0.33,0.9230769230769231,0.9230769230769231,0.9230769230769231,440,7,0.9270833333333334,96,4.4
luna,historical,0.34,0.9230769230769231,0.9230769230769231,0.9230769230769231,440,7,0.9270833333333334,96,4.4
luna,historical,0.35,0.9230769230769231,0.9230769230769231,0.9230769230769231,440,7,0.9270833333333334,96,4.4
luna,historical,0.36,0.9230769230769231,0.9230769230769231,0.9230769230769231,440,7,0.9270833333333334,96,4.4
luna,historical,0.37,0.9010989010989011,0.9010989010989011,0.9010989010989011,610,9,0.90625,96,6.1
luna,historical,0.38,0.9010989010989011,0.9010989010989011,0.9010989010989011,610,9,0.90625,96,6.1
luna,historical,0.39,0.9010989010989011,0.9010989010989011,0.9010989010989011,610,9,0.90625,96,6.1
luna,historical,0.4,0.9010989010989011,0.9010989010989011,0.9010989010989011,610,9,0.90625,96,6.1
luna,historical,0.41,0.8791208791208791,0.8791208791208791,0.8791208791208791,780,11,0.8854166666666666,96,7.8
luna,historical,0.42,0.8681318681318682,0.8681318681318682,0.8681318681318682,910,12,0.875,96,9.1
luna,historical,0.43,0.8681318681318682,0.8681318681318682,0.8681318681318682,910,12,0.875,96,9.1
luna,historical,0.44,0.8681318681318682,0.8681318681318682,0.8681318681318682,910,12,0.875,96,9.1
luna,historical,0.45,0.8461538461538461,0.8461538461538461,0.8461538461538461,1010,14,0.8541666666666666,96,10.1
luna,historical,0.46,0.8241758241758241,0.8241758241758241,0.8241758241758241,1130,16,0.8333333333333334,96,11.3
luna,historical,0.47,0.8021978021978022,0.8021978021978022,0.8021978021978022,1270,18,0.8125,96,12.7
luna,historical,0.48,0.8021978021978022,0.8021978021978022,0.8021978021978022,1270,18,0.8125,96,12.7
luna,historical,0.49,0.8021978021978022,0.8021978021978022,0.8021978021978022,1270,18,0.8125,96,12.7
luna,historical,0.5,0.8021978021978022,0.8021978021978022,0.8021978021978022,1270,18,0.8125,96,12.7
luna,historical,0.51,0.7802197802197802,0.7802197802197802,0.7802197802197802,1410,20,0.7916666666666666,96,14.1
luna,historical,0.52,0.7802197802197802,0.7802197802197802,0.7802197802197802,1410,20,0.7916666666666666,96,14.1
luna,historical,0.53,0.797752808988764,0.7802197802197802,0.7888888888888889,1270,20,0.7916666666666666,96,12.7
luna,historical,0.54,0.7727272727272727,0.7472527472527473,0.7597765363128491,1370,23,0.7604166666666666,96,13.7
luna,historical,0.55,0.75,0.7252747252747253,0.7374301675977654,1510,25,0.7395833333333334,96,15.1
luna,historical,0.56,0.6626506024096386,0.6043956043956044,0.632183908045977,1890,36,0.625,96,18.9
luna,historical,0.57,0.620253164556962,0.5384615384615384,0.5764705882352941,2030,42,0.5625,96,20.3
luna,historical,0.58,0.6333333333333333,0.4175824175824176,0.5033112582781457,1440,53,0.4479166666666667,96,14.4
luna,historical,0.59,0.6818181818181818,0.32967032967032966,0.4444444444444444,930,61,0.3645833333333333,96,9.3
luna,historical,0.6,0.3333333333333333,0.06593406593406594,0.11009174311926606,960,85,0.11458333333333333,96,9.6
luna,no-read,0.05,0.8829787234042553,0.9120879120879121,0.8972972972972973,300,8,0.8854166666666666,96,3
luna,no-read,0.06,0.8829787234042553,0.9120879120879121,0.8972972972972973,300,8,0.8854166666666666,96,3
luna,no-read,0.07,0.8829787234042553,0.9120879120879121,0.8972972972972973,300,8,0.8854166666666666,96,3
luna,no-read,0.08,0.8829787234042553,0.9120879120879121,0.8972972972972973,300,8,0.8854166666666666,96,3
luna,no-read,0.09,0.8829787234042553,0.9120879120879121,0.8972972972972973,300,8,0.8854166666666666,96,3
luna,no-read,0.1,0.8829787234042553,0.9120879120879121,0.8972972972972973,300,8,0.8854166666666666,96,3
luna,no-read,0.11,0.8924731182795699,0.9120879120879121,0.9021739130434783,275,8,0.8958333333333334,96,2.75
luna,no-read,0.12,0.9032258064516129,0.9230769230769231,0.9130434782608695,310,7,0.90625,96,3.1
luna,no-read,0.13,0.9032258064516129,0.9230769230769231,0.9130434782608695,310,7,0.90625,96,3.1
luna,no-read,0.14,0.9032258064516129,0.9230769230769231,0.9130434782608695,310,7,0.90625,96,3.1
luna,no-read,0.15,0.9032258064516129,0.9230769230769231,0.9130434782608695,310,7,0.90625,96,3.1
luna,no-read,0.16,0.9130434782608695,0.9230769230769231,0.9180327868852459,250,7,0.9166666666666666,96,2.5
luna,no-read,0.17,0.9130434782608695,0.9230769230769231,0.9180327868852459,250,7,0.9166666666666666,96,2.5
luna,no-read,0.18,0.9130434782608695,0.9230769230769231,0.9180327868852459,250,7,0.9166666666666666,96,2.5
luna,no-read,0.19,0.9130434782608695,0.9230769230769231,0.9180327868852459,250,7,0.9166666666666666,96,2.5
luna,no-read,0.2,0.9347826086956522,0.945054945054945,0.9398907103825137,220,5,0.9375,96,2.2
luna,no-read,0.21,0.9347826086956522,0.945054945054945,0.9398907103825137,220,5,0.9375,96,2.2
luna,no-read,0.22,0.9347826086956522,0.945054945054945,0.9398907103825137,220,5,0.9375,96,2.2
luna,no-read,0.23,0.9347826086956522,0.945054945054945,0.9398907103825137,220,5,0.9375,96,2.2
luna,no-read,0.24,0.9347826086956522,0.945054945054945,0.9398907103825137,220,5,0.9375,96,2.2
luna,no-read,0.25,0.9347826086956522,0.945054945054945,0.9398907103825137,220,5,0.9375,96,2.2
luna,no-read,0.26,0.9347826086956522,0.945054945054945,0.9398907103825137,220,5,0.9375,96,2.2
luna,no-read,0.27,0.9347826086956522,0.945054945054945,0.9398907103825137,220,5,0.9375,96,2.2
luna,no-read,0.28,0.9347826086956522,0.945054945054945,0.9398907103825137,255,5,0.9375,96,2.55
luna,no-read,0.29,0.9347826086956522,0.945054945054945,0.9398907103825137,255,5,0.9375,96,2.55
luna,no-read,0.3,0.9347826086956522,0.945054945054945,0.9398907103825137,255,5,0.9375,96,2.55
luna,no-read,0.31,0.9347826086956522,0.945054945054945,0.9398907103825137,255,5,0.9375,96,2.55
luna,no-read,0.32,0.9347826086956522,0.945054945054945,0.9398907103825137,255,5,0.9375,96,2.55
luna,no-read,0.33,0.9347826086956522,0.945054945054945,0.9398907103825137,255,5,0.9375,96,2.55
luna,no-read,0.34,0.9347826086956522,0.945054945054945,0.9398907103825137,255,5,0.9375,96,2.55
luna,no-read,0.35,0.9347826086956522,0.945054945054945,0.9398907103825137,255,5,0.9375,96,2.55
luna,no-read,0.36,0.9347826086956522,0.945054945054945,0.9398907103825137,255,5,0.9375,96,2.55
luna,no-read,0.37,0.9347826086956522,0.945054945054945,0.9398907103825137,255,5,0.9375,96,2.55
luna,no-read,0.38,0.9347826086956522,0.945054945054945,0.9398907103825137,255,5,0.9375,96,2.55
luna,no-read,0.39,0.9130434782608695,0.9230769230769231,0.9180327868852459,355,7,0.9166666666666666,96,3.55
luna,no-read,0.4,0.9130434782608695,0.9230769230769231,0.9180327868852459,355,7,0.9166666666666666,96,3.55
luna,no-read,0.41,0.9130434782608695,0.9230769230769231,0.9180327868852459,355,7,0.9166666666666666,96,3.55
luna,no-read,0.42,0.8913043478260869,0.9010989010989011,0.8961748633879781,525,9,0.8958333333333334,96,5.25
luna,no-read,0.43,0.8913043478260869,0.9010989010989011,0.8961748633879781,525,9,0.8958333333333334,96,5.25
luna,no-read,0.44,0.8913043478260869,0.9010989010989011,0.8961748633879781,525,9,0.8958333333333334,96,5.25
luna,no-read,0.45,0.8913043478260869,0.9010989010989011,0.8961748633879781,525,9,0.8958333333333334,96,5.25
luna,no-read,0.46,0.8695652173913043,0.8791208791208791,0.8743169398907104,645,11,0.875,96,6.45
luna,no-read,0.47,0.8695652173913043,0.8791208791208791,0.8743169398907104,645,11,0.875,96,6.45
luna,no-read,0.48,0.8695652173913043,0.8791208791208791,0.8743169398907104,645,11,0.875,96,6.45
luna,no-read,0.49,0.7391304347826086,0.7472527472527473,0.7431693989071039,1405,23,0.75,96,14.05
luna,no-read,0.5,0.717391304347826,0.7252747252747253,0.7213114754098361,1505,25,0.7291666666666666,96,15.05
luna,no-read,0.51,0.717391304347826,0.7252747252747253,0.7213114754098361,1505,25,0.7291666666666666,96,15.05
luna,no-read,0.52,0.6739130434782609,0.6813186813186813,0.6775956284153005,1725,29,0.6875,96,17.25
luna,no-read,0.53,0.6304347826086957,0.6373626373626373,0.6338797814207651,1985,33,0.6458333333333334,96,19.85
luna,no-read,0.54,0.5869565217391305,0.5934065934065934,0.5901639344262295,2245,37,0.6041666666666666,96,22.45
luna,no-read,0.55,0.5955056179775281,0.5824175824175825,0.5888888888888889,2105,38,0.59375,96,21.05
luna,no-read,0.56,0.6296296296296297,0.5604395604395604,0.5930232558139535,1820,40,0.5833333333333334,96,18.2
luna,no-read,0.57,0.5526315789473685,0.46153846153846156,0.5029940119760479,2060,49,0.4895833333333333,96,20.6
luna,no-read,0.58,0.5483870967741935,0.37362637362637363,0.4444444444444444,1680,57,0.40625,96,16.8
luna,no-read,0.59,0.4444444444444444,0.08791208791208792,0.14678899082568808,650,83,0.13541666666666666,96,6.5
luna,no-read,0.6,0.5,0.02197802197802198,0.042105263157894736,170,89,0.07291666666666667,96,1.7
luna,abstract-first,0.05,0.8829787234042553,0.9120879120879121,0.8972972972972973,185,8,0.8854166666666666,96,1.85
luna,abstract-first,0.06,0.8829787234042553,0.9120879120879121,0.8972972972972973,185,8,0.8854166666666666,96,1.85
luna,abstract-first,0.07,0.8829787234042553,0.9120879120879121,0.8972972972972973,185,8,0.8854166666666666,96,1.85
luna,abstract-first,0.08,0.8829787234042553,0.9120879120879121,0.8972972972972973,185,8,0.8854166666666666,96,1.85
luna,abstract-first,0.09,0.8829787234042553,0.9120879120879121,0.8972972972972973,185,8,0.8854166666666666,96,1.85
luna,abstract-first,0.1,0.8829787234042553,0.9120879120879121,0.8972972972972973,185,8,0.8854166666666666,96,1.85
luna,abstract-first,0.11,0.8829787234042553,0.9120879120879121,0.8972972972972973,185,8,0.8854166666666666,96,1.85
luna,abstract-first,0.12,0.8829787234042553,0.9120879120879121,0.8972972972972973,185,8,0.8854166666666666,96,1.85
luna,abstract-first,0.13,0.8829787234042553,0.9120879120879121,0.8972972972972973,185,8,0.8854166666666666,96,1.85
luna,abstract-first,0.14,0.8936170212765957,0.9230769230769231,0.9081081081081082,200,7,0.8958333333333334,96,2
luna,abstract-first,0.15,0.9247311827956989,0.945054945054945,0.9347826086956522,140,5,0.9270833333333334,96,1.4
luna,abstract-first,0.16,0.9247311827956989,0.945054945054945,0.9347826086956522,140,5,0.9270833333333334,96,1.4
luna,abstract-first,0.17,0.9247311827956989,0.945054945054945,0.9347826086956522,140,5,0.9270833333333334,96,1.4
luna,abstract-first,0.18,0.946236559139785,0.967032967032967,0.9565217391304348,140,3,0.9479166666666666,96,1.4
luna,abstract-first,0.19,0.9565217391304348,0.967032967032967,0.9617486338797814,80,3,0.9583333333333334,96,0.8
luna,abstract-first,0.2,0.9565217391304348,0.967032967032967,0.9617486338797814,80,3,0.9583333333333334,96,0.8
luna,abstract-first,0.21,0.9565217391304348,0.967032967032967,0.9617486338797814,80,3,0.9583333333333334,96,0.8
luna,abstract-first,0.22,0.9565217391304348,0.967032967032967,0.9617486338797814,80,3,0.9583333333333334,96,0.8
luna,abstract-first,0.23,0.9565217391304348,0.967032967032967,0.9617486338797814,80,3,0.9583333333333334,96,0.8
luna,abstract-first,0.24,0.9565217391304348,0.967032967032967,0.9617486338797814,80,3,0.9583333333333334,96,0.8
luna,abstract-first,0.25,0.9565217391304348,0.967032967032967,0.9617486338797814,80,3,0.9583333333333334,96,0.8
luna,abstract-first,0.26,0.9565217391304348,0.967032967032967,0.9617486338797814,80,3,0.9583333333333334,96,0.8
luna,abstract-first,0.27,0.9565217391304348,0.967032967032967,0.9617486338797814,80,3,0.9583333333333334,96,0.8
luna,abstract-first,0.28,0.9565217391304348,0.967032967032967,0.9617486338797814,115,3,0.9583333333333334,96,1.15
luna,abstract-first,0.29,0.9565217391304348,0.967032967032967,0.9617486338797814,115,3,0.9583333333333334,96,1.15
luna,abstract-first,0.3,0.9565217391304348,0.967032967032967,0.9617486338797814,115,3,0.9583333333333334,96,1.15
luna,abstract-first,0.31,0.9565217391304348,0.967032967032967,0.9617486338797814,115,3,0.9583333333333334,96,1.15
luna,abstract-first,0.32,0.9565217391304348,0.967032967032967,0.9617486338797814,115,3,0.9583333333333334,96,1.15
luna,abstract-first,0.33,0.9565217391304348,0.967032967032967,0.9617486338797814,115,3,0.9583333333333334,96,1.15
luna,abstract-first,0.34,0.9565217391304348,0.967032967032967,0.9617486338797814,115,3,0.9583333333333334,96,1.15
luna,abstract-first,0.35,0.9565217391304348,0.967032967032967,0.9617486338797814,115,3,0.9583333333333334,96,1.15
luna,abstract-first,0.36,0.9565217391304348,0.967032967032967,0.9617486338797814,115,3,0.9583333333333334,96,1.15
luna,abstract-first,0.37,0.9565217391304348,0.967032967032967,0.9617486338797814,115,3,0.9583333333333334,96,1.15
luna,abstract-first,0.38,0.9565217391304348,0.967032967032967,0.9617486338797814,115,3,0.9583333333333334,96,1.15
luna,abstract-first,0.39,0.9565217391304348,0.967032967032967,0.9617486338797814,115,3,0.9583333333333334,96,1.15
luna,abstract-first,0.4,0.9565217391304348,0.967032967032967,0.9617486338797814,115,3,0.9583333333333334,96,1.15
luna,abstract-first,0.41,0.9565217391304348,0.967032967032967,0.9617486338797814,115,3,0.9583333333333334,96,1.15
luna,abstract-first,0.42,0.9130434782608695,0.9230769230769231,0.9180327868852459,425,7,0.9166666666666666,96,4.25
luna,abstract-first,0.43,0.8913043478260869,0.9010989010989011,0.8961748633879781,525,9,0.8958333333333334,96,5.25
luna,abstract-first,0.44,0.8913043478260869,0.9010989010989011,0.8961748633879781,525,9,0.8958333333333334,96,5.25
luna,abstract-first,0.45,0.8913043478260869,0.9010989010989011,0.8961748633879781,525,9,0.8958333333333334,96,5.25
luna,abstract-first,0.46,0.8913043478260869,0.9010989010989011,0.8961748633879781,525,9,0.8958333333333334,96,5.25
luna,abstract-first,0.47,0.8913043478260869,0.9010989010989011,0.8961748633879781,525,9,0.8958333333333334,96,5.25
luna,abstract-first,0.48,0.8913043478260869,0.9010989010989011,0.8961748633879781,525,9,0.8958333333333334,96,5.25
luna,abstract-first,0.49,0.8913043478260869,0.9010989010989011,0.8961748633879781,525,9,0.8958333333333334,96,5.25
luna,abstract-first,0.5,0.8695652173913043,0.8791208791208791,0.8743169398907104,645,11,0.875,96,6.45
luna,abstract-first,0.51,0.8260869565217391,0.8351648351648352,0.8306010928961749,885,15,0.8333333333333334,96,8.85
luna,abstract-first,0.52,0.782608695652174,0.7912087912087912,0.7868852459016393,1165,19,0.7916666666666666,96,11.65
luna,abstract-first,0.53,0.7391304347826086,0.7472527472527473,0.7431693989071039,1385,23,0.75,96,13.85
luna,abstract-first,0.54,0.6739130434782609,0.6813186813186813,0.6775956284153005,1785,29,0.6875,96,17.85
luna,abstract-first,0.55,0.6304347826086957,0.6373626373626373,0.6338797814207651,2045,33,0.6458333333333334,96,20.45
luna,abstract-first,0.56,0.6385542168674698,0.5824175824175825,0.6091954022988506,1880,38,0.6041666666666666,96,18.8
luna,abstract-first,0.57,0.6049382716049383,0.5384615384615384,0.5697674418604651,2040,42,0.5625,96,20.4
luna,abstract-first,0.58,0.589041095890411,0.4725274725274725,0.524390243902439,1930,48,0.5,96,19.3
luna,abstract-first,0.59,0.5675675675675675,0.23076923076923078,0.328125,1210,70,0.2708333333333333,96,12.1
luna,abstract-first,0.6,0.5238095238095238,0.12087912087912088,0.19642857142857142,760,80,0.16666666666666666,96,7.6
fixture,baseline,0.05,0.40425531914893614,0.4175824175824176,0.41081081081081083,980,53,0.4166666666666667,96,9.8
fixture,baseline,0.06,0.40425531914893614,0.4175824175824176,0.41081081081081083,980,53,0.4166666666666667,96,9.8
fixture,baseline,0.07,0.40425531914893614,0.4175824175824176,0.41081081081081083,980,53,0.4166666666666667,96,9.8
fixture,baseline,0.08,0.40425531914893614,0.4175824175824176,0.41081081081081083,980,53,0.4166666666666667,96,9.8
fixture,baseline,0.09,0.40425531914893614,0.4175824175824176,0.41081081081081083,980,53,0.4166666666666667,96,9.8
fixture,baseline,0.1,0.40425531914893614,0.4175824175824176,0.41081081081081083,980,53,0.4166666666666667,96,9.8
fixture,baseline,0.11,0.40425531914893614,0.4175824175824176,0.41081081081081083,980,53,0.4166666666666667,96,9.8
fixture,baseline,0.12,0.40425531914893614,0.4175824175824176,0.41081081081081083,980,53,0.4166666666666667,96,9.8
fixture,baseline,0.13,0.40425531914893614,0.4175824175824176,0.41081081081081083,980,53,0.4166666666666667,96,9.8
fixture,baseline,0.14,0.4148936170212766,0.42857142857142855,0.42162162162162165,965,52,0.4270833333333333,96,9.65
fixture,baseline,0.15,0.4148936170212766,0.42857142857142855,0.42162162162162165,965,52,0.4270833333333333,96,9.65
fixture,baseline,0.16,0.4148936170212766,0.42857142857142855,0.42162162162162165,965,52,0.4270833333333333,96,9.65
fixture,baseline,0.17,0.4148936170212766,0.42857142857142855,0.42162162162162165,965,52,0.4270833333333333,96,9.65
fixture,baseline,0.18,0.4148936170212766,0.42857142857142855,0.42162162162162165,965,52,0.4270833333333333,96,9.65
fixture,baseline,0.19,0.4148936170212766,0.42857142857142855,0.42162162162162165,965,52,0.4270833333333333,96,9.65
fixture,baseline,0.2,0.4148936170212766,0.42857142857142855,0.42162162162162165,965,52,0.4270833333333333,96,9.65
fixture,baseline,0.21,0.4148936170212766,0.42857142857142855,0.42162162162162165,965,52,0.4270833333333333,96,9.65
fixture,baseline,0.22,0.4148936170212766,0.42857142857142855,0.42162162162162165,965,52,0.4270833333333333,96,9.65
fixture,baseline,0.23,0.4148936170212766,0.42857142857142855,0.42162162162162165,965,52,0.4270833333333333,96,9.65
fixture,baseline,0.24,0.4148936170212766,0.42857142857142855,0.42162162162162165,965,52,0.4270833333333333,96,9.65
fixture,baseline,0.25,0.4148936170212766,0.42857142857142855,0.42162162162162165,965,52,0.4270833333333333,96,9.65
fixture,baseline,0.26,0.4148936170212766,0.42857142857142855,0.42162162162162165,965,52,0.4270833333333333,96,9.65
fixture,baseline,0.27,0.4148936170212766,0.42857142857142855,0.42162162162162165,965,52,0.4270833333333333,96,9.65
fixture,baseline,0.28,0.6989247311827957,0.7142857142857143,0.7065217391304348,605,26,0.7083333333333334,96,6.05
fixture,baseline,0.29,0.6989247311827957,0.7142857142857143,0.7065217391304348,605,26,0.7083333333333334,96,6.05
fixture,baseline,0.3,0.6989247311827957,0.7142857142857143,0.7065217391304348,605,26,0.7083333333333334,96,6.05
fixture,baseline,0.31,0.6989247311827957,0.7142857142857143,0.7065217391304348,605,26,0.7083333333333334,96,6.05
fixture,baseline,0.32,0.6989247311827957,0.7142857142857143,0.7065217391304348,605,26,0.7083333333333334,96,6.05
fixture,baseline,0.33,0.6989247311827957,0.7142857142857143,0.7065217391304348,605,26,0.7083333333333334,96,6.05
fixture,baseline,0.34,0.6989247311827957,0.7142857142857143,0.7065217391304348,605,26,0.7083333333333334,96,6.05
fixture,baseline,0.35,0.6989247311827957,0.7142857142857143,0.7065217391304348,605,26,0.7083333333333334,96,6.05
fixture,baseline,0.36,0.6989247311827957,0.7142857142857143,0.7065217391304348,605,26,0.7083333333333334,96,6.05
fixture,baseline,0.37,0.6989247311827957,0.7142857142857143,0.7065217391304348,605,26,0.7083333333333334,96,6.05
fixture,baseline,0.38,0.6989247311827957,0.7142857142857143,0.7065217391304348,605,26,0.7083333333333334,96,6.05
fixture,baseline,0.39,0.6989247311827957,0.7142857142857143,0.7065217391304348,605,26,0.7083333333333334,96,6.05
fixture,baseline,0.4,0.6989247311827957,0.7142857142857143,0.7065217391304348,605,26,0.7083333333333334,96,6.05
fixture,baseline,0.41,0.6989247311827957,0.7142857142857143,0.7065217391304348,605,26,0.7083333333333334,96,6.05
fixture,baseline,0.42,0.37777777777777777,0.37362637362637363,0.3756906077348066,2775,57,0.3854166666666667,96,27.75
fixture,baseline,0.43,0.37777777777777777,0.37362637362637363,0.3756906077348066,2775,57,0.3854166666666667,96,27.75
fixture,baseline,0.44,0.37777777777777777,0.37362637362637363,0.3756906077348066,2775,57,0.3854166666666667,96,27.75
fixture,baseline,0.45,0.37777777777777777,0.37362637362637363,0.3756906077348066,2775,57,0.3854166666666667,96,27.75
fixture,baseline,0.46,0.37777777777777777,0.37362637362637363,0.3756906077348066,2775,57,0.3854166666666667,96,27.75
fixture,baseline,0.47,0.37777777777777777,0.37362637362637363,0.3756906077348066,2775,57,0.3854166666666667,96,27.75
fixture,baseline,0.48,0.37777777777777777,0.37362637362637363,0.3756906077348066,2775,57,0.3854166666666667,96,27.75
fixture,baseline,0.49,0.37777777777777777,0.37362637362637363,0.3756906077348066,2775,57,0.3854166666666667,96,27.75
fixture,baseline,0.5,0.37777777777777777,0.37362637362637363,0.3756906077348066,2775,57,0.3854166666666667,96,27.75
fixture,baseline,0.51,0.37777777777777777,0.37362637362637363,0.3756906077348066,2775,57,0.3854166666666667,96,27.75
fixture,baseline,0.52,0.37777777777777777,0.37362637362637363,0.3756906077348066,2775,57,0.3854166666666667,96,27.75
fixture,baseline,0.53,0.37777777777777777,0.37362637362637363,0.3756906077348066,2775,57,0.3854166666666667,96,27.75
fixture,baseline,0.54,0.37777777777777777,0.37362637362637363,0.3756906077348066,2775,57,0.3854166666666667,96,27.75
fixture,baseline,0.55,0.37777777777777777,0.37362637362637363,0.3756906077348066,2775,57,0.3854166666666667,96,27.75
fixture,baseline,0.56,0,0,0,0,91,0.052083333333333336,96,0
fixture,baseline,0.57,0,0,0,0,91,0.052083333333333336,96,0
fixture,baseline,0.58,0,0,0,0,91,0.052083333333333336,96,0
fixture,baseline,0.59,0,0,0,0,91,0.052083333333333336,96,0
fixture,baseline,0.6,0,0,0,0,91,0.052083333333333336,96,0
