arm,config,question,paidSource,calibration,n,nGroups,folds,cvIdentity,cvPlatt,cvIsotonic,status,threshold,precision,recall,f1,wastedSpend,missedValue,exactMatch,paidCalibrationSource,kept,uniqueReferencedRequestCount,referencedUniqueRequestCostUsd,requestCostConvention,expectedN,reason,fallbackRounds,requestReliability
flash,baseline,gap,,isotonic,96,42,5,0.4654626670833335,0.021618253389822106,0.0207064177419567,,,,,,,,,,,,,,,,,
flash,baseline,addressesGap,,identity,576,42,5,0.16914805300347224,0.1710266798904901,0.16935989907927984,,,,,,,,,,,,,,,,,
flash,baseline,original,,platt,576,42,5,0.12959288182291634,0.026684555795815915,0.030008403797863507,,,,,,,,,,,,,,,,,
flash,baseline,paid,baseline,identity,192,42,5,0.09143254296875003,0.09555416439165591,0.10634628538364439,,,,,,,,,,,,,,,,,
flash,baseline,,,,96,,,,,,eligible-full-dev,0.37,0.8160919540229885,0.7802197802197802,0.797752808988764,510,20,0.78125,baseline,false,451,0.02356739999999998,"Unique exact referenced cache keys for this dev configuration, including paid/error requests. Nonadditive across configurations because keys can be shared; replay-priced references, not incremental API billing or the experiment cost meter.",,,,
flash,evidence,gap,,isotonic,96,42,5,0.6675309587499997,0.026391378385034792,0.025008171832416163,,,,,,,,,,,,,,,,,
flash,evidence,addressesGap,,platt,576,42,5,0.1836442554513891,0.16020100930401848,0.16061979565938692,,,,,,,,,,,,,,,,,
flash,evidence,original,,isotonic,576,42,5,0.14239421107638883,0.006014844782865247,0.0036871075945326412,,,,,,,,,,,,,,,,,
flash,evidence,paid,evidence,identity,192,42,5,0.08550696031249999,0.08825826554182277,0.0894295829536013,,,,,,,,,,,,,,,,,
flash,evidence,,,,96,,,,,,eligible-full-dev,0.38,0.8390804597701149,0.8021978021978022,0.8202247191011236,600,18,0.8020833333333334,evidence,true,451,0.02604014999999999,"Unique exact referenced cache keys for this dev configuration, including paid/error requests. Nonadditive across configurations because keys can be shared; replay-priced references, not incremental API billing or the experiment cost meter.",,,,
flash,batch,gap,,platt,94,42,5,0.45463755212765966,0.012256900020469955,0.022348734608106435,,,,,,,,,,,,,,,,,
flash,batch,addressesGap,,platt,564,42,5,0.1691581176595745,0.15052421740175745,0.1512379064390139,,,,,,,,,,,,,,,,,
flash,batch,original,,platt,564,42,5,0.18330997322695053,0.08129259906737446,0.08266403896863768,,,,,,,,,,,,,,,,,
flash,batch,paid,baseline,identity,192,42,5,0.09143254296875003,0.09555416439165591,0.10634628538364439,,,,,,,,,,,,,,,,,
flash,batch,,,,96,,,,,,eligible-full-dev,0.4,0.7142857142857143,0.7142857142857143,0.7142857142857143,1435,26,0.71875,baseline,false,96,0.030056489999999995,"Unique exact referenced cache keys for this dev configuration, including paid/error requests. Nonadditive across configurations because keys can be shared; replay-priced references, not incremental API billing or the experiment cost meter.",,,,
flash,batch-evidence,gap,,platt,96,42,5,0.4116295845833333,0.021266495909366395,0.021277170004327117,,,,,,,,,,,,,,,,,
flash,batch-evidence,addressesGap,,isotonic,576,42,5,0.11638430517361102,0.11239402283244106,0.10716956540634154,,,,,,,,,,,,,,,,,
flash,batch-evidence,original,,isotonic,576,42,5,0.24162849732638886,0.08732203697310498,0.08691848231007854,,,,,,,,,,,,,,,,,
flash,batch-evidence,paid,evidence,identity,192,42,5,0.08550696031249999,0.08825826554182277,0.0894295829536013,,,,,,,,,,,,,,,,,
flash,batch-evidence,,,,96,,,,,,eligible-full-dev,0.35,0.7692307692307693,0.7692307692307693,0.7692307692307693,1290,21,0.7708333333333334,evidence,false,96,0.03422960999999999,"Unique exact referenced cache keys for this dev configuration, including paid/error requests. Nonadditive across configurations because keys can be shared; replay-priced references, not incremental API billing or the experiment cost meter.",,,,
flash,abstract-first,,,,28,,,,,,quota-blocked-dev-not-eligible,,,,,,,,,false,116,0.006688080000000001,"Unique exact referenced cache keys for this dev configuration, including paid/error requests. Nonadditive across configurations because keys can be shared; replay-priced references, not incremental API billing or the experiment cost meter.",96,"Cloudflare quota block; promotion stopped, partial quota/screen rows excluded",0,"{""n"":116,""httpOrTransportErrorCount"":0,""httpOrTransportErrorRate"":0,""semanticRefusalCount"":0,""semanticRefusalRate"":0,""timeoutCount3s"":0,""timeoutRate3s"":0,""combinedFailureCount"":0,""combinedFailureRate"":0,""errorRate"":0}"
flash,historical,,,,33,,,,,,quota-blocked-dev-not-eligible,,,,,,,,,false,133,0.0077189400000000005,"Unique exact referenced cache keys for this dev configuration, including paid/error requests. Nonadditive across configurations because keys can be shared; replay-priced references, not incremental API billing or the experiment cost meter.",96,"Cloudflare quota block; promotion stopped, partial quota/screen rows excluded",4,"{""n"":133,""httpOrTransportErrorCount"":2,""httpOrTransportErrorRate"":0.015037593984962405,""semanticRefusalCount"":0,""semanticRefusalRate"":0,""timeoutCount3s"":0,""timeoutRate3s"":0,""combinedFailureCount"":2,""combinedFailureRate"":0.015037593984962405,""errorRate"":0.015037593984962405}"
flash,no-read,,,,28,,,,,,quota-blocked-dev-not-eligible,,,,,,,,,false,116,0.005203350000000001,"Unique exact referenced cache keys for this dev configuration, including paid/error requests. Nonadditive across configurations because keys can be shared; replay-priced references, not incremental API billing or the experiment cost meter.",96,"Cloudflare quota block; promotion stopped, partial quota/screen rows excluded",0,"{""n"":116,""httpOrTransportErrorCount"":0,""httpOrTransportErrorRate"":0,""semanticRefusalCount"":0,""semanticRefusalRate"":0,""timeoutCount3s"":0,""timeoutRate3s"":0,""combinedFailureCount"":0,""combinedFailureRate"":0,""errorRate"":0}"
clef,baseline,gap,,platt,96,42,5,0.0011041488541666678,8.98954506872253e-8,1.614336134317072e-7,,,,,,,,,,,,,,,,,
clef,baseline,addressesGap,,platt,576,42,5,0.09988818406249994,0.08707537943546939,0.0904948824458335,,,,,,,,,,,,,,,,,
clef,baseline,original,,isotonic,576,42,5,0.25523413885416685,0.008801918729383008,0.003733201399764271,,,,,,,,,,,,,,,,,
clef,baseline,paid,baseline,platt,192,42,5,0.016016128854166662,0.006109452109082491,0.007821495869178666,,,,,,,,,,,,,,,,,
clef,baseline,,,,96,,,,,,eligible-full-dev,0.51,0.9659090909090909,0.9340659340659341,0.9497206703910615,190,6,0.9375,baseline,false,451,0.0628464,"Unique exact referenced cache keys for this dev configuration, including paid/error requests. Nonadditive across configurations because keys can be shared; replay-priced references, not incremental API billing or the experiment cost meter.",,,,
clef,evidence,gap,,platt,96,42,5,0.0018739830208333336,6.855452849307959e-8,0.000020982358966465734,,,,,,,,,,,,,,,,,
clef,evidence,addressesGap,,isotonic,576,42,5,0.17719643031250018,0.13966876792526353,0.13786950502598214,,,,,,,,,,,,,,,,,
clef,evidence,original,,isotonic,576,42,5,0.18873882996527777,0.00393271245698985,0.0035845727824681925,,,,,,,,,,,,,,,,,
clef,evidence,paid,evidence,isotonic,192,42,5,0.010671840364583338,0.009479603195350914,0.009429835878771024,,,,,,,,,,,,,,,,,
clef,evidence,,,,96,,,,,,eligible-full-dev,0.39,0.978021978021978,0.978021978021978,0.978021978021978,140,2,0.9791666666666666,evidence,true,451,0.0694404,"Unique exact referenced cache keys for this dev configuration, including paid/error requests. Nonadditive across configurations because keys can be shared; replay-priced references, not incremental API billing or the experiment cost meter.",,,,
clef,batch,gap,,platt,94,42,5,0.031602322340425544,0.010646572507496082,0.010779713574678258,,,,,,,,,,,,,,,,,
clef,batch,addressesGap,,platt,564,42,5,0.09435198886524822,0.06739879533991107,0.07115890777236863,,,,,,,,,,,,,,,,,
clef,batch,original,,isotonic,564,42,5,0.2581170056028367,0.010937340965224118,0.009497018144689331,,,,,,,,,,,,,,,,,
clef,batch,paid,baseline,platt,192,42,5,0.016016128854166662,0.006109452109082491,0.007821495869178666,,,,,,,,,,,,,,,,,
clef,batch,,,,96,,,,,,eligible-full-dev,0.41,0.9456521739130435,0.9560439560439561,0.9508196721311475,195,4,0.9479166666666666,baseline,false,96,0.08015064,"Unique exact referenced cache keys for this dev configuration, including paid/error requests. Nonadditive across configurations because keys can be shared; replay-priced references, not incremental API billing or the experiment cost meter.",,,,
clef,batch-evidence,gap,,platt,96,42,5,0.007671125104166669,0.0004364701339245984,0.0011057544810032288,,,,,,,,,,,,,,,,,
clef,batch-evidence,addressesGap,,isotonic,576,42,5,0.11667801237847224,0.0529633519808317,0.05278901905035936,,,,,,,,,,,,,,,,,
clef,batch-evidence,original,,platt,576,42,5,0.14185257189236108,0.02113415950656431,0.02482196597767363,,,,,,,,,,,,,,,,,
clef,batch-evidence,paid,evidence,isotonic,192,42,5,0.010671840364583338,0.009479603195350914,0.009429835878771024,,,,,,,,,,,,,,,,,
clef,batch-evidence,,,,96,,,,,,eligible-full-dev,0.4,0.967032967032967,0.967032967032967,0.967032967032967,115,3,0.96875,evidence,false,96,0.09127896000000003,"Unique exact referenced cache keys for this dev configuration, including paid/error requests. Nonadditive across configurations because keys can be shared; replay-priced references, not incremental API billing or the experiment cost meter.",,,,
clef,abstract-first,,,,28,,,,,,quota-blocked-dev-not-eligible,,,,,,,,,false,116,0.017834879999999994,"Unique exact referenced cache keys for this dev configuration, including paid/error requests. Nonadditive across configurations because keys can be shared; replay-priced references, not incremental API billing or the experiment cost meter.",96,"Cloudflare quota block; promotion stopped, partial quota/screen rows excluded",0,"{""n"":116,""httpOrTransportErrorCount"":0,""httpOrTransportErrorRate"":0,""semanticRefusalCount"":0,""semanticRefusalRate"":0,""timeoutCount3s"":0,""timeoutRate3s"":0,""combinedFailureCount"":0,""combinedFailureRate"":0,""errorRate"":0}"
clef,historical,,,,33,,,,,,quota-blocked-dev-not-eligible,,,,,,,,,false,133,0.020582879999999998,"Unique exact referenced cache keys for this dev configuration, including paid/error requests. Nonadditive across configurations because keys can be shared; replay-priced references, not incremental API billing or the experiment cost meter.",96,"Cloudflare quota block; promotion stopped, partial quota/screen rows excluded",4,"{""n"":133,""httpOrTransportErrorCount"":2,""httpOrTransportErrorRate"":0.015037593984962405,""semanticRefusalCount"":0,""semanticRefusalRate"":0,""timeoutCount3s"":0,""timeoutRate3s"":0,""combinedFailureCount"":2,""combinedFailureRate"":0.015037593984962405,""errorRate"":0.015037593984962405}"
clef,no-read,,,,28,,,,,,quota-blocked-dev-not-eligible,,,,,,,,,false,116,0.013875599999999991,"Unique exact referenced cache keys for this dev configuration, including paid/error requests. Nonadditive across configurations because keys can be shared; replay-priced references, not incremental API billing or the experiment cost meter.",96,"Cloudflare quota block; promotion stopped, partial quota/screen rows excluded",0,"{""n"":116,""httpOrTransportErrorCount"":0,""httpOrTransportErrorRate"":0,""semanticRefusalCount"":0,""semanticRefusalRate"":0,""timeoutCount3s"":0,""timeoutRate3s"":0,""combinedFailureCount"":0,""combinedFailureRate"":0,""errorRate"":0}"
luna,baseline,gap,,isotonic,89,40,5,0.3324382022471912,1.0000000000575112e-12,0,,,,,,,,,,,,,,,,,
luna,baseline,addressesGap,,platt,534,40,5,0.15332509363295876,0.10778297677213841,0.11077077998545028,,,,,,,,,,,,,,,,,
luna,baseline,original,,platt,534,40,5,0.07619681647940092,0.04028660302444771,0.045996369472034566,,,,,,,,,,,,,,,,,
luna,baseline,paid,baseline,identity,192,42,5,0.005703645833333333,0.014603823144270868,0.005775011093702577,,,,,,,,,,,,,,,,,
luna,baseline,,,,96,,,,,,eligible-full-dev,0.35,0.9021739130434783,0.9120879120879121,0.907103825136612,385,8,0.90625,baseline,false,451,0.030874299999999983,"Unique exact referenced cache keys for this dev configuration, including paid/error requests. Nonadditive across configurations because keys can be shared; replay-priced references, not incremental API billing or the experiment cost meter.",,,,
luna,evidence,gap,,identity,96,42,5,0.02583750000000001,0.030970046899040458,0.030199029512082327,,,,,,,,,,,,,,,,,
luna,evidence,addressesGap,,isotonic,576,42,5,0.18986336805555565,0.15340107882315268,0.13974641441683022,,,,,,,,,,,,,,,,,
luna,evidence,original,,isotonic,576,42,5,0.013423090277777744,0.0050067393849524,0.003709202008871773,,,,,,,,,,,,,,,,,
luna,evidence,paid,evidence,identity,192,42,5,0.010688541666666669,0.015708481444887137,0.02413397893522679,,,,,,,,,,,,,,,,,
luna,evidence,,,,96,,,,,,eligible-full-dev,0.24,1,0.978021978021978,0.9888888888888889,0,2,0.9791666666666666,evidence,false,451,0.03375390000000001,"Unique exact referenced cache keys for this dev configuration, including paid/error requests. Nonadditive across configurations because keys can be shared; replay-priced references, not incremental API billing or the experiment cost meter.",,,,
luna,batch,gap,,platt,95,42,5,0.3691526315789475,0.021607923937964953,0.022423456286110494,,,,,,,,,,,,,,,,,
luna,batch,addressesGap,,isotonic,570,42,5,0.13710754385964932,0.07036720982763608,0.06303591201912434,,,,,,,,,,,,,,,,,
luna,batch,original,,platt,570,42,5,0.03153385964912281,0.031439338129848934,0.03259709869081516,,,,,,,,,,,,,,,,,
luna,batch,paid,baseline,identity,192,42,5,0.005703645833333333,0.014603823144270868,0.005775011093702577,,,,,,,,,,,,,,,,,
luna,batch,,,,96,,,,,,eligible-full-dev,0.28,0.8901098901098901,0.8901098901098901,0.8901098901098901,240,10,0.8854166666666666,baseline,false,96,0.04140739999999999,"Unique exact referenced cache keys for this dev configuration, including paid/error requests. Nonadditive across configurations because keys can be shared; replay-priced references, not incremental API billing or the experiment cost meter.",,,,
luna,batch-evidence,gap,,isotonic,96,42,5,0.005205208333333333,0.006991443282934057,0.0035194234957919034,,,,,,,,,,,,,,,,,
luna,batch-evidence,addressesGap,,platt,576,42,5,0.07684218749999999,0.025575134797386066,0.027508790203464972,,,,,,,,,,,,,,,,,
luna,batch-evidence,original,,isotonic,576,42,5,0.006722222222222225,0.005517503762074116,0.0043726646709388505,,,,,,,,,,,,,,,,,
luna,batch-evidence,paid,evidence,identity,192,42,5,0.010688541666666669,0.015708481444887137,0.02413397893522679,,,,,,,,,,,,,,,,,
luna,batch-evidence,,,,96,,,,,,eligible-full-dev,0.05,1,1,1,0,0,1,evidence,true,96,0.04617490000000001,"Unique exact referenced cache keys for this dev configuration, including paid/error requests. Nonadditive across configurations because keys can be shared; replay-priced references, not incremental API billing or the experiment cost meter.",,,,
luna,historical,gap,,isotonic,95,42,5,0.058965263157894736,0.010529119096399555,0.010526315789473684,,,,,,,,,,,,,,,,,
luna,historical,addressesGap,,platt,570,42,5,0.1563582456140354,0.10917156023120828,0.10934422837985466,,,,,,,,,,,,,,,,,
luna,historical,original,,platt,570,42,5,0.07870649122807044,0.03895626703711995,0.04308451428447567,,,,,,,,,,,,,,,,,
luna,historical,paid,baseline,identity,192,42,5,0.005703645833333333,0.014603823144270868,0.005775011093702577,,,,,,,,,,,,,,,,,
luna,historical,,,,96,,,,,,eligible-full-dev,0.33,0.9230769230769231,0.9230769230769231,0.9230769230769231,440,7,0.9270833333333334,baseline,false,360,0.02771460000000001,"Unique exact referenced cache keys for this dev configuration, including paid/error requests. Nonadditive across configurations because keys can be shared; replay-priced references, not incremental API billing or the experiment cost meter.",,,,
luna,no-read,gap,,isotonic,90,40,5,0.3398555555555556,0.011431772267984797,0.011262953195385195,,,,,,,,,,,,,,,,,
luna,no-read,addressesGap,,isotonic,540,40,5,0.10967092592592587,0.09759910962049081,0.09702945395864682,,,,,,,,,,,,,,,,,
luna,no-read,original,,platt,540,40,5,0.04891444444444441,0.003937012544859744,0.0039451796328190784,,,,,,,,,,,,,,,,,
luna,no-read,paid,baseline,identity,192,42,5,0.005703645833333333,0.014603823144270868,0.005775011093702577,,,,,,,,,,,,,,,,,
luna,no-read,,,,96,,,,,,eligible-full-dev,0.2,0.9347826086956522,0.945054945054945,0.9398907103825137,220,5,0.9375,baseline,false,360,0.021436399999999998,"Unique exact referenced cache keys for this dev configuration, including paid/error requests. Nonadditive across configurations because keys can be shared; replay-priced references, not incremental API billing or the experiment cost meter.",,,,
luna,abstract-first,gap,,isotonic,87,39,5,0.3311298850574713,0.01229861364921709,0.011657881304919168,,,,,,,,,,,,,,,,,
luna,abstract-first,addressesGap,,isotonic,522,39,5,0.1518653256704982,0.13766500954272468,0.11270287798309282,,,,,,,,,,,,,,,,,
luna,abstract-first,original,,isotonic,522,39,5,0.047408045977011426,0.019039151188235914,0.018673847080565225,,,,,,,,,,,,,,,,,
luna,abstract-first,paid,baseline,identity,192,42,5,0.005703645833333333,0.014603823144270868,0.005775011093702577,,,,,,,,,,,,,,,,,
luna,abstract-first,,,,96,,,,,,eligible-full-dev,0.19,0.9565217391304348,0.967032967032967,0.9617486338797814,80,3,0.9583333333333334,baseline,false,360,0.02765450000000001,"Unique exact referenced cache keys for this dev configuration, including paid/error requests. Nonadditive across configurations because keys can be shared; replay-priced references, not incremental API billing or the experiment cost meter.",,,,
fixture,baseline,gap,,identity,0,0,0,,,,,,,,,,,,,,,,,,,,
fixture,baseline,addressesGap,,identity,0,0,0,,,,,,,,,,,,,,,,,,,,
fixture,baseline,original,,identity,0,0,0,,,,,,,,,,,,,,,,,,,,
fixture,baseline,paid,baseline,identity,0,0,0,,,,,,,,,,,,,,,,,,,,
fixture,baseline,,,,96,,,,,,eligible-full-dev,0.28,0.6989247311827957,0.7142857142857143,0.7065217391304348,605,26,0.7083333333333334,baseline,true,0,0,"Unique exact referenced cache keys for this dev configuration, including paid/error requests. Nonadditive across configurations because keys can be shared; replay-priced references, not incremental API billing or the experiment cost meter.",,,,
